uniprotID_taxid	Standard_1
Q6C341	NaN
A0A1D8NDR0	NaN
O74934	NaN
A0A1D8N6X6	NaN
A0A1H6Q082	NaN
A0A1D8NDR0	NaN
Q6C3E0	NaN
A0A1D8NPB4	NaN
Q6CFS7	NaN
A0A1D8NF01	NaN
A0A1D8NE17	NaN
A0A1D8N6X2	NaN
A0A1D8N4K2	NaN
A0A1H6PQW4	NaN
A0A1H6PJU0	NaN
A0A1D8N4K2	NaN
A0A1H6PU54	NaN
A0A1D8NNP0	NaN
B5RSK9	NaN
A0A371CD25	NaN
A0A1H6QAA3	NaN
A0A1D8N5W2	NaN
A0A371CFS1	NaN
A0A1D8NAX4	NaN
O74934	NaN
A0A1D8NPS9	NaN
A0A1D8N5Q3	NaN
A0A1D8N896	NaN
A0A371CE06	NaN
A0A1D8N8U6	NaN
A0A1H6Q930	NaN
A0A1D8N8I7	NaN
A0A1D8N7G4	NaN
Q6C553	NaN
A0A1D8NLZ2	NaN
A0A1H6PJP5	NaN
A0A1D8N8I7	NaN
A0A1D8NBT5	NaN
A0A1D8NCN7	NaN
A0A1H6PTX5	NaN
A0A1H6Q5U0	NaN
A0A1D8N3H3	NaN
A0A1D8NFI6	NaN
A0A1D8NQG6	NaN
A0A1H6PV90	NaN
A0A1D8NGP2	NaN
A0A1H6PXT6	NaN
A0A1D8NL51	NaN
A0A1D8N423	NaN
A0A1D8N3A7	NaN
A0A1D8NHZ4	NaN
A0A1D8N4K6	NaN
A0A1D8NNF3	NaN
Q6C093	NaN
A0A1D8NNP0	NaN
A0A1H6QA57	NaN
A0A1D8NNP0	NaN
A0A1D8NKV0	NaN
A0A1H6Q566	NaN
A0A1H6PN77	NaN
A0A1H6Q0M3	NaN
A0A1D8NJZ7	NaN
A0A1H6PLH4	NaN
A0A371C4Q9	NaN
A0A1H6PUX5	NaN
A0A1D8NF11	NaN
A0A1D8NNN4	NaN
A0A1D8NCR7	NaN
A0A1D8N6F7	NaN
A0A1H6PLH2	NaN
A0A1H6PV06	NaN
A0A1D8N6V8	NaN
A0A1D8N714	NaN
A0A1D8NFA1	NaN
A0A1H6PZ62	NaN
A0A1H6Q7K5	NaN
A0A1H6Q1F4	NaN
A0A1D8NCQ2	NaN
A0A1D8N4K2	NaN
A0A1H6PWU9	NaN
A0A1H6PJ98	NaN
A0A1D8NK72	NaN
A0A1D8N5N0	NaN
A0A1D8NMW7	NaN
A0A1D8N7R7	NaN
A0A1D8NPZ9	NaN
A0A1H6PVY2	NaN
A0A1D8NEI6	NaN
A0A1H6PKV8	NaN
A0A1D8NL61	NaN
A0A1H6PLG3	NaN
A0A1D8NP88	NaN
A0A1H6PP09	NaN
A0A1D8NP89	NaN
P0C8L8	NaN
Q6CHP9	NaN
A0A1D8NKR8	NaN
A0A1D8N855	NaN
A0A1D8NAV6	NaN
F2Z685	NaN
Q99158	NaN
A0A1H6PHC9	NaN
A0A1H6QAN6	NaN
A0A1H6PX04	NaN
A0A1H6PZS2	NaN
A0A1D8NBV9	NaN
A0A1D8N820	NaN
A0A1D8NBA9	NaN
A0A1D8N791	NaN
A0A1H6Q725	NaN
A0A1H6PKI9	NaN
A0A1D8N3X0	NaN
Q6C188	NaN
A0A1H6Q5W9	NaN
A0A1D8N3G6	NaN
A0A371C6Y6	NaN
A0A1D8NF99	NaN
A0A1D8N4K2	NaN
A0A1D8N7P2	NaN
Q6C030	NaN
A0A1D8NF57	NaN
A0A1D8NJ94	NaN
A0A1D8N388	NaN
A0A1D8NLN0	NaN
A0A1H6PY99	NaN
A0A1D8NN11	NaN
A0A1H6PV93	NaN
A0A1D8NGN2	NaN
A0A1D8NFK3	NaN
A0A1D8NMD1	NaN
Q6CAW5	NaN
A0A1D8N5E3	NaN
A0A1D8NDT1	NaN
A0A1H6Q985	NaN
A0A1D8NPZ2	NaN
Q6C741	NaN
A0A1H6PXD6	NaN
A0A1D8NHP9	NaN
A0A1D8N4K2	NaN
A0A1D8NKE2	NaN
A0A1D8NCX0	NaN
A0A371BZF4	NaN
A0A1D8N4K2	NaN
A0A371CFW6	NaN
F2Z680	NaN
A0A1D8NQP9	NaN
A0A1H6Q1K8	NaN
A0A1D8NKL6	NaN
A0A1D8NN36	NaN
A0A1D8NFC7	NaN
A0A1H6PZE0	NaN
Q6CAC5	NaN
A0A1D8NFK5	NaN
A0A1H6PXL8	NaN
A0A1D8NA69	NaN
A0A1H6PW89	NaN
A0A1D8NA65	NaN
A0A1D8N999	NaN
A0A1D8NPW9	NaN
A0A1H6Q1K0	NaN
A0A1D8NHU6	NaN
A0A1H6PVL2	NaN
A0A1D8NCY4	NaN
Q6C6I3	NaN
A0A1D8NFQ9	NaN
A0A1D8N566	NaN
Q6C8W4	NaN
Q6C070	NaN
A0A1D8N8Q5	NaN
A0A1D8NEZ1	NaN
A0A1H6PUN4	NaN
A0A1D8N8G6	NaN
A0A1H6PTJ4	NaN
A0A1D8N691	NaN
A0A1D8NDB0	NaN
Q9UVF5	NaN
A0A1D8NNM8	NaN
A0A1D8N7U0	NaN
A0A1D8NI00	NaN
A0A1H6PLQ9	NaN
A0A1D8NNN5	NaN
A0A1H6PXI4	NaN
A0A1D8N861	NaN
A0A1H6Q630	NaN
A0A1D8ND60	NaN
Q6CGT7	NaN
A0A1D8NGD2	NaN
A0A1D8N9J0	NaN
A0A1H6PSY3	NaN
A0A1D8NN88	NaN
A0A1D8NQ74	NaN
A0A1D8NHJ5	NaN
Q6C8U1	NaN
A0A1D8NHF4	NaN
A0A1D8NJ67	NaN
A0A1D8N358	NaN
A0A1D8N519	NaN
A0A371BYE7	NaN
Q6CEA4	NaN
Q6C8M6	NaN
A0A1H6PV26	NaN
A0A1H6Q276	NaN
A0A1D8NDN8	NaN
A0A1H6PZ47	NaN
A0A1D8NJE9	NaN
A0A1D8N4K7	NaN
A0A1D8NFI9	NaN
A0A1H6Q7D2	NaN
A0A1D8N460	NaN
A0A1H6PM33	NaN
A0A1D8N987	NaN
A0A1D8N7K9	NaN
A0A1D8NEY1	NaN
A0A1D8NAE5	NaN
A0A1D8NCE7	NaN
A0A1D8N616	NaN
A0A1D8NJZ3	NaN
A0A1H6PX70	NaN
A0A1D8NJA4	NaN
A0A1H6PWA2	NaN
A0A1D8NGA2	NaN
A0A371BZ46	NaN
A0A1D8NA99	NaN
A0A1D8NF01	NaN
A0A1D8NNG4	NaN
A0A1D8NE09	NaN
A0A1D8NM73	NaN
A0A1H6Q8R2	NaN
A0A1D8NPB2	NaN
A0A1D8N6B6	NaN
Q6CCI6	NaN
Q6C938	NaN
A0A371BX61	NaN
A0A1D8NCU8	NaN
A0A1D8NQA6	NaN
A0A1D8NDZ4	NaN
A0A1D8NLW0	NaN
P45815	NaN
A0A371C0M0	NaN
A0A1D8NQ26	NaN
A0A1H6PR90	NaN
A0A1D8NQ49	NaN
A0A1D8N8F5	NaN
A0A1D8N8G1	NaN
A0A1H6PSG0	NaN
A0A1H6PLZ0	NaN
F2Z6G2	NaN
A0A1H6Q240	NaN
A0A1D8N4K2	NaN
A0A1D8N4Y9	NaN
A0A1D8NBC0	NaN
A0A1D8N9F9	NaN
A0A1H6Q651	NaN
A0A1D8N843	NaN
A0A1H6PJB6	NaN
A0A1H6Q466	NaN
A0A1H6PS61	NaN
A0A1D8NFZ0	NaN
A0A1D8NJI8	NaN
A0A1D8N3Y8	NaN
A0A1H6PKS0	NaN
A0A1D8NH75	NaN
A0A1D8NPJ3	NaN
A0A371BYY8	NaN
A0A1H6PHA1	NaN
A0A1D8NL35	NaN
A0A1D8NLD5	NaN
A0A1D8N791	NaN
A0A1D8NQ91	NaN
A0A1D8N9E9	NaN
A0A1D8N887	NaN
A0A1H6Q237	NaN
A0A1D8N989	NaN
A0A1D8N3L7	NaN
A0A1D8NHI7	NaN
A0A1D8NHP4	NaN
A0A1D8NKD7	NaN
A0A1H6PWJ9	NaN
A0A371CFH8	NaN
A0A1H6PT01	NaN
A0A1D8NF45	NaN
A0A1D8N3A5	NaN
A0A1D8NDZ7	NaN
A0A1D8N3K6	NaN
A0A1D8NMF7	NaN
A0A1D8NCR5	NaN
A0A1H6Q7Q3	NaN
A0A1D8NG13	NaN
A0A1D8NJE3	NaN
A0A1D8N7C2	NaN
A0A1D8NDL4	NaN
A0A1D8NAV3	NaN
A0A1D8NPF8	NaN
Q6C6M0	NaN
A0A1D8N715	NaN
A0A1H6Q3M8	NaN
A0A1D8NDK5	NaN
A0A1D8NMA9	NaN
A0A371C4G9	NaN
A0A1D8NB91	NaN
A0A1D8NMY3	NaN
A0A1H6Q629	NaN
A0A1D8NQV4	NaN
A0A1D8NF73	NaN
Q6C4W5	NaN
A0A1D8NH42	NaN
A0A371BXI0	NaN
A0A1D8NB52	NaN
A0A1D8NAB7	NaN
Q6CBN1	NaN
A0A1H6Q0G1	NaN
Q6BZQ9	NaN
A0A1D8N839	NaN
A0A1D8NBS6	NaN
A0A1H6PZW3	NaN
A0A1D8NPH7	NaN
A0A371BYV2	NaN
Q6C4X5	NaN
A0A1D8N785	NaN
A0A371CC48	NaN
A0A1D8N5H9	NaN
A0A1D8N782	NaN
A0A1H6Q4X8	NaN
A0A371CD08	NaN
A0A1D8NKX0	NaN
A0A1D8NIR8	NaN
A0A1H6PSJ6	NaN
A0A1D8N9N2	NaN
A0A1D8NIH9	NaN
A0A1D8NK25	NaN
A0A1H6PIA2	0.000016
A0A1H6PUC6	0.000042
A0A1D8NNE1	0.000050
A0A1H6Q9G8	0.000054
A0A1D8N730	0.000057
A0A1D8NFU4	0.000058
A0A1H6PUJ1	0.000062
Q6C6U1	0.000082
A0A1D8N5L1	0.000083
F2Z5Y4	0.000083
A0A1D8NQE4	0.000084
A0A1D8NAZ1	0.000089
A0A371CCR2	0.000091
A0A1D8NGA9	0.000094
A0A1D8NCQ5	0.000098
A0A1D8N4C4	0.000099
A0A1H6Q0S7	0.000110
A0A1D8N738	0.000121
A0A1H6PRT4	0.000131
P42781	0.000131
A0A1H6PSW5	0.000137
A0A1H6Q9J6	0.000137
A0A1D8N8I7	0.000139
A0A1D8NHY7	0.000144
A0A1H6Q030	0.000144
A0A1D8N619	0.000146
Q6C5G3	0.000151
A0A1D8NCY8	0.000152
F2Z6B2	0.000155
A0A1H6PJR5	0.000156
A0A1D8NJV7	0.000160
A0A1D8N6S4	0.000160
A0A1D8NQQ4	0.000169
Q6C265	0.000171
A0A1H6PRD7	0.000173
A0A1D8NGY1	0.000174
A0A1D8NIV1	0.000177
A0A1D8N3F6	0.000179
A0A1D8NKD6	0.000181
A0A1D8NQ12	0.000182
A0A1D8NJ21	0.000192
Q6C3T0	0.000193
A0A1D8N5C0	0.000196
A0A1H6PZ90	0.000197
A0A1D8NI14	0.000199
A0A1D8NEY9	0.000201
A0A1D8NEE7	0.000203
A0A1D8NPQ2	0.000208
Q6C0U8	0.000208
A0A1D8N6R3	0.000209
Q6C2T8	0.000212
A0A1D8NK21	0.000213
A0A1D8NDD3	0.000215
A0A1D8N4P6	0.000217
A0A1H6PXR8	0.000218
A0A1D8N442	0.000221
A0A1D8N944	0.000224
A0A1D8NMZ3	0.000225
Q6C626	0.000227
A0A1D8NQA9	0.000232
A0A1H6PYJ6	0.000232
A0A1D8N9D0	0.000233
A0A1H6PSX6	0.000234
A0A1D8N9E0	0.000235
A0A1D8NJ69	0.000242
A0A1D8NGD4	0.000246
A0A1D8NCF4	0.000250
A0A1D8NCQ8	0.000254
A0A1D8NKK1	0.000256
A0A1D8NA59	0.000259
A0A1D8NGC2	0.000261
A0A1D8NBP7	0.000261
A0A1H6PXM8	0.000262
A0A1D8NJG3	0.000262
A0A1D8NLQ9	0.000266
A0A1D8NH83	0.000267
A0A1D8NJJ7	0.000267
A0A1D8NE99	0.000267
A0A1H6Q393	0.000267
A0A1D8NPJ1	0.000268
A0A1D8NKM6	0.000269
Q6C7D7	0.000274
A0A1D8NGG8	0.000275
A0A1H6Q3Y6	0.000278
A0A1D8NNH1	0.000282
A0A1D8NHN4	0.000287
A0A1D8NHF8	0.000287
A0A1D8N552	0.000287
A0A1D8NNR3	0.000291
A0A1D8NKW9	0.000291
A0A1D8NK69	0.000298
A0A1D8NAE4	0.000299
A0A1D8NFJ5	0.000299
A0A1D8NPP8	0.000300
A0A1D8NNE2	0.000301
A0A1H6PVG7	0.000302
A0A1D8NKT2	0.000303
Q6C7C3	0.000304
A0A371C9F8	0.000304
A0A1D8NNI5	0.000305
A0A1H6PVX4	0.000308
A0A1D8NC98	0.000310
A0A1D8NFY9	0.000311
A0A1D8NBB8	0.000313
A0A1D8N6J2	0.000313
A0A1D8NL82	0.000314
A0A1D8N7Y0	0.000315
A0A1D8NNG0	0.000316
A0A1D8NQL8	0.000321
A0A1D8NQB5	0.000324
A0A1D8NBP5	0.000326
A0A1D8NCE8	0.000331
Q6C8H7	0.000336
Q6C8R5	0.000336
A0A1D8N5B4	0.000339
A0A1H6Q9H1	0.000342
A0A1D8NH66	0.000346
A0A1D8NA33	0.000357
Q6CFJ2	0.000358
A0A1D8N402	0.000358
A0A1D8N911	0.000360
A0A1D8NFS8	0.000362
A0A371C8M3	0.000366
A0A1D8N8Z0	0.000372
A0A1H6PVG7	0.000378
A0A1D8NDP6	0.000378
A0A1H6PHE2	0.000379
Q6C9Q9	0.000380
Q6C675	0.000380
A0A371BY60	0.000382
A0A1D8NAV7	0.000382
A0A1D8NK42	0.000384
A0A1D8NDP9	0.000384
A0A1D8NMV8	0.000384
A0A1D8NKA4	0.000385
A0A1D8NJS1	0.000385
Q6C4J0	0.000386
A0A1H6PSX8	0.000387
A0A1D8NA88	0.000391
A0A1H6PZC1	0.000393
A0A1D8NHD7	0.000395
A0A1D8NJ40	0.000395
A0A1H6PXF8	0.000400
A0A1D8NH41	0.000401
A0A1D8NP32	0.000401
Q6CAX3	0.000402
A0A371CA36	0.000404
A0A1H6PJK1	0.000406
A0A371C4Z2	0.000407
A0A371CB00	0.000411
A0A1D8N5H0	0.000413
A0A1D8N968	0.000416
A0A1D8NI71	0.000419
A0A1D8NFM7	0.000419
A0A1D8NCJ3	0.000419
A0A371BXL4	0.000421
A0A1H6Q2S4	0.000422
A0A1D8NCY3	0.000422
A0A1H6PYF5	0.000422
A0A1D8NMY7	0.000424
A0A1D8NER7	0.000425
Q6C6Q7	0.000426
A0A1D8NGY9	0.000426
A0A1D8N4P9	0.000428
A0A1D8NC30	0.000431
A0A1H6QB40	0.000435
A0A1H6PSI9	0.000437
A0A1D8NFP1	0.000438
A0A1H6PNI4	0.000441
A0A1D8NPC7	0.000442
A0A1D8NPT7	0.000443
Q6C229	0.000443
A0A1D8NHM8	0.000444
Q6C417	0.000445
A0A1H6Q1Y1	0.000446
A0A1D8NMR4	0.000448
A0A1H6PM33	0.000448
A0A1D8NFL9	0.000449
A0A1H6PI16	0.000450
Q6CHE4	0.000451
Q6C0L2	0.000451
A0A1H6PYN6	0.000458
A0A1D8NM85	0.000460
A0A1D8NHI8	0.000461
A0A1D8N8K3	0.000461
A0A1H6Q3L5	0.000462
A0A1D8N8F2	0.000463
A0A1D8NKU2	0.000464
A0A1D8NQ88	0.000466
A0A1H6Q453	0.000468
A0A1D8NNB1	0.000468
A0A1H6PQZ0	0.000470
A0A1D8N4H0	0.000470
A0A1H6PKM5	0.000472
A0A1H6PQB6	0.000473
A0A1H6PVR5	0.000480
A0A1D8NH25	0.000481
A0A1D8NJM4	0.000481
A0A1D8N4R7	0.000485
A0A1H6PW72	0.000485
Q6C7G8	0.000488
A0A1D8NHE8	0.000493
A0A1D8NNU9	0.000495
A0A1D8NNH3	0.000495
A0A1D8NJ48	0.000497
A0A1D8NPZ3	0.000498
A0A1D8ND78	0.000498
A0A1D8NNI4	0.000498
A0A1D8NFD6	0.000499
A0A1D8NNE7	0.000505
A0A1D8NAN9	0.000507
A0A1D8NCH7	0.000508
A0A1D8NCC1	0.000509
A0A1D8NLI8	0.000510
A0A1D8NCP4	0.000511
A0A1D8NNX3	0.000515
A0A371CA90	0.000516
A0A371C207	0.000517
A0A1D8N891	0.000517
A0A1D8NNK0	0.000518
A0A1D8NM50	0.000522
A0A1D8N701	0.000523
A0A1D8N3W3	0.000523
A0A1H6PQC4	0.000524
A0A1D8NQJ7	0.000526
A0A1D8NA01	0.000526
A0A1D8NBC7	0.000526
A0A1D8NG95	0.000526
A0A1D8NP57	0.000529
A0A1D8NJH6	0.000530
A0A371CBY8	0.000531
A0A1D8N563	0.000534
A0A1D8NFL1	0.000540
Q6C5S0	0.000542
A0A1D8NGN3	0.000543
A0A1D8NGB4	0.000547
A0A1D8NJZ1	0.000547
A0A1D8NCU3	0.000549
Q6CEY7	0.000552
A0A1D8NFP3	0.000554
A0A371C4F4	0.000556
A0A1H6PQK0	0.000557
A0A371C5K6	0.000560
A0A1D8NKH6	0.000563
Q99155	0.000565
A0A1D8NA07	0.000566
A0A1D8NAW1	0.000571
A0A1D8NMV1	0.000572
A0A1D8N7F5	0.000575
A0A1D8NLF1	0.000576
A0A1D8NC96	0.000577
A0A1D8NPK0	0.000579
A0A1H6PVX7	0.000579
A0A1D8NMG2	0.000580
A0A1D8NM38	0.000584
A0A1D8NLU7	0.000585
A0A1D8N5U7	0.000585
A0A1D8NP35	0.000586
A0A1D8NFZ4	0.000589
A0A371BYB7	0.000590
A0A1H6PY93	0.000593
A0A371CCN0	0.000593
A0A1D8NG10	0.000596
A0A1D8NME1	0.000598
A0A1H6PSV1	0.000600
A0A1D8N3M0	0.000602
Q6CHI1	0.000602
A0A1D8N8Q2	0.000603
Q6C4H7	0.000607
A0A1H6PM48	0.000607
A0A1D8NDQ0	0.000610
A0A1D8N8Y3	0.000610
A0A1H6Q3F0	0.000610
A0A1D8NB39	0.000613
A0A1D8NNV4	0.000614
A0A1D8NGG0	0.000618
A0A1H6PPM8	0.000624
A0A1H6PL67	0.000624
Q6CHE5	0.000625
A0A1D8NGI1	0.000627
A0A1D8N873	0.000633
A0A1D8NNA0	0.000634
A0A1H6Q619	0.000636
Q6CEK8	0.000637
A0A1D8NGA7	0.000637
A0A1D8NHF0	0.000638
A0A371C170	0.000638
A0A1D8NL43	0.000639
A0A1D8NQ13	0.000643
A0A1D8NBS9	0.000643
A0A1H6Q1I9	0.000643
Q6C4Q6	0.000645
Q9UVF6	0.000645
A0A1D8NQ39	0.000647
A0A1D8NJ03	0.000649
Q6C709	0.000649
A0A1H6Q404	0.000655
A0A1D8NDL2	0.000658
A0A1D8N562	0.000661
A0A1D8NC24	0.000661
A0A1D8N9J5	0.000662
A0A1H6Q5C7	0.000662
A0A1D8NIZ3	0.000662
A0A1D8N9Y1	0.000667
A0A1D8NB02	0.000668
A0A1D8N6G9	0.000672
A0A1H6PW03	0.000673
A0A1H6PIM7	0.000675
A0A1D8N7G3	0.000682
A0A1D8N8T1	0.000683
A0A1H6PKF9	0.000685
A0A1D8N6R1	0.000686
A0A1D8NG82	0.000689
A0A1D8N8H7	0.000690
A0A1D8NMN4	0.000691
A0A1D8N9N9	0.000692
A0A1H6Q4N9	0.000696
A0A1H6PRW4	0.000699
A0A1D8NBR3	0.000700
A0A1D8NLV1	0.000701
A0A1D8NDX1	0.000703
Q6CE48	0.000703
A0A1H6PVB8	0.000704
A0A1D8N5I5	0.000708
F2Z6D3	0.000708
A0A1D8NF10	0.000710
Q6C4Q0	0.000713
A0A1D8ND69	0.000713
A0A1H6PWP0	0.000714
A0A1H6PLV1	0.000716
Q6CE69	0.000718
A0A1H6PNG6	0.000718
A0A1D8NB90	0.000719
A0A1D8NBS1	0.000720
A0A1D8NG01	0.000720
A0A1D8NG63	0.000721
A0A1D8NHU8	0.000722
A0A1H6Q2F3	0.000723
A0A371C171	0.000724
A0A1D8NC49	0.000726
A0A1D8N5S3	0.000726
A0A1D8N6J4	0.000726
Q6CCB0	0.000737
A0A1H6PZR6	0.000738
A0A1D8NQJ5	0.000739
A0A1D8NBA3	0.000740
A0A1H6PXS4	0.000741
A0A1H6PHJ0	0.000743
A0A1D8NA76	0.000744
A0A1H6PRM1	0.000744
A0A1D8N3B9	0.000744
A0A1D8NJI0	0.000745
A0A1D8N554	0.000746
A0A1D8NK73	0.000748
A0A1D8NGF6	0.000750
A0A1D8N818	0.000750
A0A1H6PVJ8	0.000751
Q6C5F1	0.000753
A0A1D8NGZ5	0.000754
A0A1H6PZZ9	0.000755
A0A1D8NQH8	0.000756
A0A1D8NCR7	0.000756
A0A1D8NMV5	0.000757
A0A1D8N3M9	0.000758
A0A1H6PTD9	0.000760
A0A1H6Q1X0	0.000762
A0A1D8N6R6	0.000763
A0A1H6QBU2	0.000765
A0A1D8N916	0.000765
A0A1D8NMN1	0.000768
A0A1D8NKK7	0.000769
A0A1D8NQD7	0.000770
Q6C186	0.000770
A0A1D8NIR7	0.000772
A0A371CCT6	0.000774
A0A1D8NA83	0.000774
A0A1H6Q1P5	0.000775
A0A1H6PGU3	0.000775
A0A1D8NBL1	0.000776
A0A371C3G0	0.000782
A0A1H6Q7I8	0.000782
A0A1D8N6A5	0.000783
Q6C202	0.000785
A0A1D8NQ15	0.000787
A0A1D8NLQ5	0.000788
A0A1H6PS54	0.000794
A0A1D8NAA0	0.000795
A0A1D8NIQ6	0.000798
A0A1D8NLQ8	0.000798
A0A1H6PM89	0.000798
A0A1H6Q7Y1	0.000800
A0A1H6PPY5	0.000804
A0A1D8NA04	0.000805
Q6CD49	0.000805
A0A1H6Q933	0.000812
A0A1D8NDU0	0.000813
Q6BZY4	0.000814
A0A1H6PWA8	0.000814
A0A1D8NDM8	0.000814
A0A1D8NJH8	0.000818
A0A1D8NH13	0.000819
A0A1H6PIK4	0.000822
A0A1D8NQV7	0.000823
A0A1D8N7Q8	0.000824
A0A1D8NI46	0.000828
A0A1D8NQ38	0.000828
A0A1D8NK23	0.000832
A0A1D8NI01	0.000833
A0A1D8NNF0	0.000834
A0A1D8NMR2	0.000840
A0A371C5S2	0.000840
A0A1D8N7T4	0.000843
A0A1D8NGR3	0.000845
A0A1D8NK15	0.000848
A0A371C3R3	0.000849
A0A371BZ57	0.000850
A0A1D8NNI1	0.000850
A0A1D8NIG5	0.000851
A0A1D8NGP7	0.000851
A0A1D8NN96	0.000851
A0A1H6Q3B7	0.000854
A0A371CEE1	0.000855
A0A1D8NGB3	0.000856
A0A1D8NE52	0.000857
Q6C7W0	0.000859
A0A1D8NNR5	0.000861
A0A1D8N5R1	0.000861
A0A1H6Q4M6	0.000863
A0A1D8N7F7	0.000865
A0A1D8NP28	0.000865
Q6C710	0.000866
A0A1H6Q7E2	0.000867
A0A1D8NMG0	0.000872
Q6C3S1	0.000872
Q6C3P4	0.000872
A0A1D8N8R0	0.000872
A0A1H6PQS3	0.000872
A0A1H6PUK9	0.000873
A0A1D8NJU5	0.000874
A0A1D8N971	0.000875
A0A1D8NJQ4	0.000875
A0A1D8NKR3	0.000876
A0A1D8NP31	0.000878
A0A1D8NKQ6	0.000881
A0A1D8NDH2	0.000882
A0A1D8N9B7	0.000887
A0A1H6PIF0	0.000891
A0A1H6PX52	0.000892
A0A1D8N431	0.000893
A0A1D8NNA6	0.000894
A0A1D8NFX6	0.000894
A0A1H6PRP1	0.000895
A0A1D8N3G8	0.000899
A0A1D8NJV0	0.000903
A0A1D8NJ28	0.000908
A0A1H6PRU1	0.000912
A0A1D8N5U4	0.000912
A0A1D8NHH9	0.000913
A0A1D8NGA3	0.000914
A0A1D8NBU9	0.000914
Q6CBK1	0.000915
A0A1D8NG67	0.000916
A0A1D8NLB3	0.000917
A0A1D8NER9	0.000919
A0A1D8NG83	0.000920
A0A1D8NFC9	0.000920
Q6C4F8	0.000922
A0A1D8N7M3	0.000922
A0A1D8N5Q9	0.000923
A0A1H6PH27	0.000923
A0A1H6PXE2	0.000929
A0A1D8NB78	0.000934
A0A1D8N8A4	0.000934
A0A1D8N5K1	0.000934
A0A1D8N567	0.000935
A0A1H6PHS9	0.000935
A0A1D8NCZ4	0.000935
A0A1D8N740	0.000939
A0A1D8NED5	0.000942
A0A1D8NG94	0.000942
A0A1D8NCK8	0.000942
Q6CFQ0	0.000943
A0A1D8N574	0.000944
A0A1H6PLE0	0.000945
A0A1D8N6A9	0.000946
A0A1D8N900	0.000948
A0A1D8N8L9	0.000948
A0A1D8ND33	0.000948
A0A1D8NNJ5	0.000951
Q6C6S3	0.000952
A0A1H6Q645	0.000956
A0A1D8N8U1	0.000957
Q6C818	0.000957
Q6CE96	0.000959
A0A1D8NMT8	0.000962
A0A1D8NJX3	0.000962
Q6C8A3	0.000965
A0A1D8N893	0.000966
Q6C3V4	0.000967
A0A1D8NQ51	0.000969
A0A1D8NEC6	0.000973
A0A1D8NPV0	0.000975
A0A1H6Q563	0.000976
A0A1D8NPR4	0.000977
A0A1D8N9A0	0.000979
A0A1H6PLA0	0.000983
A0A1H6PUB2	0.000984
A0A1D8NHQ5	0.000985
A0A1D8N636	0.000986
Q6C253	0.000986
A0A1D8NJS2	0.000987
A0A1H6PJY2	0.000988
A0A1H6Q0H7	0.000994
A0A371C6Q5	0.000996
A0A1D8NQC1	0.000996
A0A371C0C8	0.000998
Q6BZU7	0.000998
A0A1D8NMN7	0.001006
Q6C4Y5	0.001007
A0A1D8N6R4	0.001009
Q6C5D0	0.001010
A0A1D8NBT7	0.001011
A0A1D8N5K7	0.001013
A0A1D8NAH1	0.001015
A0A371C1H6	0.001017
A0A1D8N9F6	0.001019
A0A1H6PWQ5	0.001020
A0A1H6Q7L1	0.001021
A0A1D8NKL2	0.001025
A0A1D8NKJ1	0.001025
A0A1D8NCG6	0.001028
A0A1D8N972	0.001028
A0A1D8NIP8	0.001029
A0A1D8NKH7	0.001030
A0A1D8NLE6	0.001035
Q6C555	0.001037
A0A1H6PJL9	0.001039
A0A1D8N7M0	0.001040
A0A1D8NIT6	0.001041
A0A1D8NK61	0.001042
A0A1D8NND5	0.001042
A0A1H6Q927	0.001043
A0A1H6PPN1	0.001044
A0A1D8NH39	0.001049
A0A1D8NKG0	0.001053
Q6CAD1	0.001054
A0A1H6Q3G7	0.001054
A0A371C543	0.001057
A0A1D8NKN6	0.001064
A0A1D8N8J0	0.001064
A0A1D8NPH6	0.001065
Q6C5K8	0.001065
A0A1D8N8T2	0.001065
Q6C1E4	0.001067
Q6CFR0	0.001071
A0A1D8N7Y2	0.001071
A0A371C7C5	0.001072
A0A1D8N990	0.001072
A0A371BYR4	0.001074
A0A1D8N8V5	0.001076
A0A1D8NNK8	0.001077
A0A1D8NQP7	0.001078
A0A1D8NBK4	0.001079
A0A1H6Q4N1	0.001080
A0A1D8NIH6	0.001080
A0A1D8NM21	0.001086
A0A1D8NM13	0.001086
A0A1D8N3E7	0.001087
A0A1D8NLM3	0.001090
A0A1D8NLK3	0.001095
A0A1D8NDA7	0.001099
A0A1D8NHU9	0.001101
A0A371CES3	0.001101
A0A1D8NBA5	0.001101
A0A1D8N4X6	0.001102
A0A1H6Q700	0.001103
A0A1D8N640	0.001103
A0A1H6PJP5	0.001104
A0A1D8NCK9	0.001107
A0A1H6Q7W6	0.001108
A0A1H6QB26	0.001109
A0A1H6PXR3	0.001109
A0A1H6PZN1	0.001110
A0A1D8N621	0.001111
A0A1D8NLW1	0.001111
A0A1D8NNH6	0.001113
A0A1D8NCE0	0.001113
A0A371CAR8	0.001114
A0A1D8NJU4	0.001117
A0A1D8N565	0.001118
A0A371C8U6	0.001120
A0A1D8N8F8	0.001120
A0A1D8NLP2	0.001122
A0A1D8NM31	0.001123
A0A1D8N698	0.001123
A0A1D8NNV5	0.001125
A0A1D8NKU1	0.001128
A0A1D8N4I3	0.001131
A0A1H6PNE6	0.001136
A0A1D8NAP3	0.001138
A0A1D8N8L0	0.001140
A0A1H6Q9H6	0.001142
A0A1H6QA13	0.001142
Q6C0L6	0.001143
A0A1H6PY36	0.001146
A0A1D8NCD5	0.001149
A0A371BZG7	0.001152
A0A1D8N8H4	0.001152
A0A1D8NM40	0.001154
A0A1H6Q3V3	0.001157
A0A1D8NKZ0	0.001157
A0A1H6Q2Y0	0.001158
A0A1D8NEY4	0.001161
A0A1D8NPW1	0.001162
A0A1D8NQQ6	0.001162
A0A1D8NQD2	0.001163
A0A1H6Q3W8	0.001163
A0A1H6Q5U4	0.001165
Q6C7F7	0.001165
A0A1H6Q7W9	0.001165
A0A1D8ND10	0.001166
A0A1D8NMN6	0.001170
A0A1D8NM22	0.001171
A0A1D8NE69	0.001172
A0A1D8NIH7	0.001173
A0A1H6Q635	0.001173
A0A1D8N3D2	0.001176
A0A1H6PNP8	0.001177
A0A1D8NQS4	0.001178
A0A1D8NE02	0.001179
A0A1D8NHC8	0.001180
A0A1D8N612	0.001180
A0A1H6PSH1	0.001181
A0A1D8NPQ1	0.001182
A0A1H6PX20	0.001183
A0A371CBG6	0.001184
A0A1D8NQ94	0.001184
A0A1D8N9M9	0.001186
A0A1D8NEQ6	0.001188
A0A1D8NDF1	0.001188
A0A1D8NHD0	0.001189
Q6CG48	0.001190
A0A1D8NN09	0.001191
A0A1D8NH32	0.001194
A0A1D8NE84	0.001197
A0A1D8NDU2	0.001199
A0A1D8NP55	0.001203
A0A1D8NI59	0.001204
A0A1D8NHR8	0.001206
A0A1D8NLI6	0.001208
A0A1D8N8C4	0.001210
A0A1D8N8U9	0.001210
A0A371C357	0.001213
A0A1D8NAD0	0.001215
A0A1D8N3R5	0.001216
Q6C3P1	0.001216
A0A1D8N9I1	0.001218
A0A1H6Q5V1	0.001220
F2Z6I0	0.001221
A0A1H6Q450	0.001224
A0A1H6PY62	0.001227
A0A1D8NBH5	0.001232
A0A1D8NB62	0.001233
A0A1H6QC27	0.001236
A0A1D8NP53	0.001236
A0A1D8NQG9	0.001240
A0A1D8N984	0.001243
A0A1D8NH23	0.001246
A0A1D8N802	0.001247
A0A1D8NEM0	0.001247
A0A1D8N6W4	0.001249
Q6CFW4	0.001252
A0A1D8NGF4	0.001254
A0A1D8N8T5	0.001255
A0A1D8NA30	0.001256
A0A1D8NLE7	0.001262
Q6CAW6	0.001265
A0A1D8N9E7	0.001266
Q6CGK4	0.001267
A0A1D8NIJ6	0.001268
A0A1D8NCZ8	0.001268
Q6CA06	0.001269
A0A1D8NM63	0.001270
A0A1H6PZ38	0.001271
A0A1D8N7X7	0.001275
A0A1H6PV12	0.001276
A0A1D8NEM5	0.001276
A0A1D8NQ68	0.001279
A0A1D8NCC4	0.001281
A0A1D8NMJ9	0.001282
A0A1D8NC41	0.001283
A0A1H6PM26	0.001284
Q6C3L4	0.001285
A0A1D8NKU3	0.001285
A0A1D8NPJ6	0.001296
A0A1D8NFK7	0.001300
A0A1D8NPZ7	0.001304
A0A1H6PKX9	0.001304
F2Z5X4	0.001307
A0A1D8N3R2	0.001307
A0A1D8NP81	0.001307
A0A1D8NHU3	0.001311
A0A1H6Q4Y9	0.001314
A0A1D8NKA5	0.001314
A0A1D8NB69	0.001315
A0A1D8NAJ2	0.001316
A0A1D8NF41	0.001320
A0A1D8NEC8	0.001322
A0A1D8NQR5	0.001322
A0A1D8N7Y6	0.001324
A0A1D8NFN0	0.001326
A0A1D8N3Y6	0.001327
A0A1D8NBY9	0.001329
A0A1H6Q540	0.001332
A0A1D8N7P7	0.001334
A0A1H6PV34	0.001337
A0A1D8NKU4	0.001338
A0A1D8N5G2	0.001338
A0A1D8N3H0	0.001341
A0A1D8NIP9	0.001342
A0A1D8NFE8	0.001343
A0A1H6Q2J0	0.001345
A0A1D8N851	0.001346
A0A1D8N8C9	0.001349
A0A1D8NA57	0.001349
A0A1D8NQD1	0.001352
A0A1D8NNC8	0.001358
A0A1D8NGY2	0.001360
A0A1D8NKB8	0.001361
A0A1H6PIN8	0.001362
Q6CAR6	0.001362
A0A371C6R3	0.001363
A0A1D8N7B4	0.001363
A0A1D8NHW6	0.001364
A0A1D8NAB0	0.001369
A0A1D8NJ91	0.001369
A0A1D8NMJ8	0.001369
A0A1D8NEX4	0.001370
Q6CBW0	0.001371
A0A1D8N5M9	0.001372
A0A1D8N4U0	0.001374
A0A1H6PWK9	0.001374
A0A1D8NAY0	0.001375
A0A1D8NQD4	0.001383
A0A1D8N8V4	0.001384
A0A1D8NM91	0.001390
A0A1D8NPV6	0.001390
A0A1D8NJ66	0.001391
A0A1H6PI63	0.001392
A0A1D8N4U5	0.001397
A0A1D8N4B3	0.001397
A0A1D8NBP4	0.001403
A0A1H6PTX4	0.001405
A0A1H6PVK8	0.001405
A0A1D8NIN5	0.001406
A0A1D8NBS4	0.001406
A0A1D8NI10	0.001407
A0A1D8NHC5	0.001409
A0A1D8NKS1	0.001409
A0A1D8NJD0	0.001410
A0A1D8N7E7	0.001410
A0A1D8NQR0	0.001415
A0A1H6Q195	0.001421
A0A1D8NMX1	0.001423
Q6CCF6	0.001425
Q6C193	0.001431
A0A1D8N6R7	0.001432
A0A1H6PU80	0.001436
A0A1H6Q4J0	0.001436
A0A1D8N7A4	0.001437
A0A371BX51	0.001438
A0A1D8N3Z1	0.001439
A0A1H6Q7V8	0.001439
Q6C239	0.001441
A0A1D8NDS1	0.001444
A0A1D8NJE8	0.001445
A0A1D8NH64	0.001446
A0A1D8NPC5	0.001447
A0A1H6PVZ4	0.001448
A0A1D8NQC4	0.001450
A0A1D8N9V4	0.001452
A0A1D8NIH8	0.001454
A0A1H6PW02	0.001460
A0A1D8NAJ0	0.001460
A0A1D8NBD1	0.001461
A0A1D8N6C1	0.001461
A0A1D8NKH0	0.001463
A0A1D8NH58	0.001466
A0A1D8NHQ4	0.001466
A0A1H6Q1B1	0.001470
Q6C9I7	0.001470
Q6C2F5	0.001472
A0A1H6Q7B8	0.001472
A0A1D8N672	0.001473
A0A1H6PYZ6	0.001476
P87200	0.001484
A0A1D8NAC4	0.001485
A0A1D8NHE7	0.001485
A0A1D8NHA2	0.001486
A0A1H6PZX7	0.001487
Q6C6C6	0.001487
A0A1H6PZL1	0.001490
A0A1H6Q2H4	0.001491
Q6CF02	0.001495
A0A1D8NL14	0.001495
Q6C712	0.001496
A0A1H6PKC0	0.001498
A0A1H6Q958	0.001498
A0A1H6Q524	0.001499
A0A1H6PN79	0.001502
A0A371C2P6	0.001504
Q6CAP9	0.001506
A0A1H6Q510	0.001509
A0A1H6Q682	0.001510
A0A1D8NN17	0.001514
A0A1H6Q0C4	0.001514
A0A1D8NCU1	0.001516
A0A1H6Q2W4	0.001517
A0A1D8NFZ6	0.001517
A0A1D8N7Q4	0.001517
A0A1H6Q5F7	0.001518
A0A1H6PWA2	0.001519
A0A1D8NPN2	0.001521
A0A1D8NPN0	0.001525
A0A1D8NFC4	0.001534
A0A1H6PJH2	0.001536
Q6CD24	0.001537
A0A1D8NQE7	0.001537
A0A1H6Q6B7	0.001538
A0A1H6PU84	0.001538
A0A1D8N436	0.001546
A0A1D8NMJ0	0.001549
A0A1D8NLJ5	0.001549
A0A1D8NGI0	0.001550
A0A1D8NG74	0.001551
A0A1H6PNW4	0.001552
A0A1D8N3X7	0.001552
A0A1D8NCR2	0.001552
A0A1D8NB85	0.001555
Q6C5P9	0.001555
A0A1D8N4H8	0.001556
Q6C195	0.001557
A0A1D8NL05	0.001557
A0A1D8N9U9	0.001558
A0A1D8NQD1	0.001559
A0A1D8NK90	0.001560
A0A1D8NLL1	0.001561
A0A1D8NQ44	0.001563
A0A1D8NL40	0.001565
Q6C5K2	0.001565
A0A1D8NQE6	0.001566
A0A1H6PYR5	0.001567
A0A1D8NNT4	0.001567
A0A1D8NKV1	0.001568
A0A1D8NE47	0.001570
Q6CEV5	0.001571
A0A1D8NI89	0.001575
A0A1D8NPW6	0.001577
A0A1D8N6G6	0.001578
A0A1D8NG86	0.001579
A0A1D8N4C9	0.001581
A0A1D8NFQ7	0.001582
A0A1D8NQL0	0.001582
Q6C8F0	0.001583
A0A1D8NEA4	0.001584
A0A1D8NFB0	0.001584
A0A1H6Q949	0.001587
A0A1D8N659	0.001588
A0A1H6PYA9	0.001589
A0A1D8N3D8	0.001590
A0A1D8N518	0.001594
A0A1D8NI56	0.001595
A0A1H6PTU0	0.001595
A0A1H6PJA9	0.001595
A0A1D8N5I3	0.001596
A0A1D8N7B5	0.001597
A0A1D8N3X5	0.001597
A0A1D8NHL3	0.001599
A0A1D8N669	0.001602
P09379	0.001603
A0A1H6PWJ5	0.001604
A0A1D8NBX0	0.001605
A0A1D8NPC8	0.001609
Q6C0E6	0.001611
A0A1D8NCG2	0.001613
A0A1D8N5J8	0.001614
A0A1D8NMU7	0.001614
A0A1D8NLF7	0.001619
Q6C997	0.001626
A0A1D8NPL3	0.001628
A0A1D8NG90	0.001629
A0A1D8NC57	0.001633
A0A1D8NE97	0.001633
A0A1H6Q3Y0	0.001635
A0A1D8NIF8	0.001636
A0A1D8NFL7	0.001637
P30887	0.001637
A0A1D8NKK2	0.001638
A0A1D8N4D4	0.001638
A0A1D8NNL3	0.001638
A0A371C3M0	0.001640
A0A1D8NIW0	0.001641
A0A1H6Q0A4	0.001641
A0A1D8NLY9	0.001644
A0A1D8NFV9	0.001648
A0A1H6Q052	0.001648
Q6CC39	0.001648
A0A1D8NCA4	0.001650
Q6C0Z3	0.001650
A0A1D8NN22	0.001654
A0A1D8NG00	0.001654
A0A1D8NDV4	0.001656
Q6C6D6	0.001658
A0A1D8ND67	0.001658
A0A1H6Q185	0.001661
Q6CHK0	0.001666
A0A1H6PLV3	0.001666
A0A1H6PHL5	0.001669
A0A1D8NBG7	0.001670
A0A1H6PWW8	0.001671
A0A1D8NBR7	0.001672
A0A1D8NF51	0.001673
A0A1D8N7Q1	0.001677
A0A1D8NLX3	0.001685
A0A371CBL1	0.001686
A0A1D8N4C0	0.001687
A0A1D8NLG9	0.001688
A0A1D8NKQ0	0.001689
A0A1H6Q0Y1	0.001689
A0A1D8N5P9	0.001689
A0A1D8NML5	0.001690
Q6C9E7	0.001690
A0A1D8N7W6	0.001695
A0A1D8NP06	0.001699
A0A1D8NN44	0.001702
Q99160	0.001704
A0A1D8NQA1	0.001705
A0A1D8NNS7	0.001707
A0A1D8NFJ4	0.001709
A0A1D8N6T3	0.001713
Q6C7D0	0.001714
A0A1D8NEW2	0.001714
A0A1D8NJX6	0.001721
A0A1D8NAF7	0.001722
A0A1D8N3L6	0.001723
A0A1H6PQW4	0.001723
A0A1H6PSY1	0.001724
A0A1D8N9V9	0.001726
A0A1D8NNY4	0.001726
A0A1D8NLA7	0.001729
A0A1H6PXX6	0.001729
A0A1D8N6A0	0.001730
A0A371CDB0	0.001730
A0A1D8NCR3	0.001731
A0A1D8N7R0	0.001731
Q6CGE1	0.001734
A0A1D8NNA1	0.001735
A0A1D8NF72	0.001736
Q6CB23	0.001741
Q6CGC7	0.001742
A0A1D8NA70	0.001743
A0A1H6PSX2	0.001750
Q6CG66	0.001751
A0A1D8NE79	0.001751
Q8WZM0	0.001751
A0A1D8NNX5	0.001751
A0A1D8NIL6	0.001752
A0A1D8NCH9	0.001758
A0A1H6Q6T0	0.001759
A0A1H6PUX5	0.001763
A0A1H6QBC0	0.001764
A0A1D8N8B7	0.001764
A0A1D8NE66	0.001765
A0A1D8NCI7	0.001767
A0A1D8NBY2	0.001768
Q6C784	0.001770
A0A1D8NBI9	0.001771
A0A1D8NB80	0.001773
A0A1D8NHQ3	0.001777
A0A1H6Q6V4	0.001783
A0A1H6PU19	0.001783
Q6CAG4	0.001783
A0A1H6PVC0	0.001787
A0A1H6PTN0	0.001787
A0A1H6PR90	0.001789
Q6C520	0.001789
A0A1H6Q063	0.001790
A0A1D8NBG3	0.001792
A0A1H6PUC7	0.001792
Q6C7K8	0.001797
A0A1H6PWU1	0.001799
A0A1D8NLN1	0.001802
A0A371CF53	0.001803
A0A1D8NM58	0.001805
Q6CFR3	0.001806
A0A1D8NIS1	0.001806
A0A1D8NBT4	0.001807
A0A1D8NGH7	0.001808
A0A1D8N7L3	0.001809
A0A1D8NFS7	0.001810
A0A1D8NMM8	0.001810
A0A1H6PTW1	0.001813
A0A1D8NQL2	0.001814
A0A1D8NIF4	0.001814
A0A1H6Q9M4	0.001815
A0A1D8N9T3	0.001816
A0A1D8N644	0.001816
A0A1H6PQF9	0.001817
S5TF71	0.001818
A0A1H6Q8Z5	0.001827
A0A1D8N3C6	0.001828
A0A1D8N4W8	0.001829
A0A1D8NQE3	0.001829
A0A1H6PZX3	0.001829
Q6CAQ9	0.001832
A0A1H6Q680	0.001834
Q6C8D1	0.001834
A0A1D8NJW8	0.001834
A0A1D8NIP0	0.001835
A0A1D8NM70	0.001839
A0A1D8NL60	0.001840
A0A1D8NLS4	0.001840
A0A1D8NDN1	0.001841
A0A1D8NAK1	0.001841
A0A1D8NGZ4	0.001845
A0A1D8NP48	0.001846
A0A1D8NJZ7	0.001846
A0A1D8N911	0.001847
A0A1D8NFM1	0.001848
A0A371C8D4	0.001851
A0A1D8NCV0	0.001852
A0A1D8NF68	0.001853
A0A1H6Q640	0.001857
A0A1D8NAI8	0.001857
F2Z612	0.001857
A0A1D8NLJ6	0.001857
A0A1H6PT51	0.001859
A0A1D8NKL3	0.001868
A0A1D8NFQ3	0.001870
A0A371C703	0.001870
A0A1D8N5C4	0.001871
A0A1D8NP74	0.001871
A0A1D8NNT7	0.001873
A0A1D8N7C9	0.001878
A0A1H6PPU0	0.001878
A0A1D8NPM2	0.001880
A0A1H6PSD2	0.001881
A0A1D8NAB0	0.001883
A0A1D8N8Z8	0.001885
A0A1D8N624	0.001886
A0A1D8N7J5	0.001886
A0A1H6Q2E8	0.001887
A0A1D8NFE6	0.001888
A0A1D8NP24	0.001890
A0A1D8NB04	0.001892
A0A1H6PNN8	0.001894
A0A1D8NK91	0.001898
A0A1H6PX97	0.001898
A0A1D8N633	0.001898
A0A1D8NQK6	0.001898
A0A1D8NDI1	0.001900
A0A1D8N781	0.001903
Q6C3J3	0.001903
A0A1D8NCL7	0.001906
A0A1D8NCC3	0.001906
A0A1D8NLL0	0.001908
A0A1D8N8Z1	0.001912
A0A1D8NPG2	0.001912
A0A1H6PRH6	0.001913
A0A1D8NIF1	0.001915
A0A1D8NEH9	0.001920
A0A1D8NJM6	0.001926
A0A1D8NCS9	0.001927
Q6C7L6	0.001928
A0A1D8N7T3	0.001930
A0A1D8N7L4	0.001935
Q6CI13	0.001939
A0A1D8NLA4	0.001940
A0A1D8NDY4	0.001946
A0A1D8NMF2	0.001946
Q6C4R1	0.001947
A0A1H6PH86	0.001950
Q6C8F5	0.001953
A0A1H6Q7Z4	0.001953
A0A1H6PS88	0.001954
A0A1D8N7H1	0.001962
A0A1D8NNL5	0.001968
A0A1D8N6P7	0.001969
A0A1D8NMK5	0.001972
P78980	0.001974
A0A1D8NPB8	0.001981
A0A1D8NAN5	0.001982
A0A1H6PZZ1	0.001983
Q6C9Z2	0.001988
A0A1D8NFW3	0.001992
A0A1H6PJK0	0.001993
A0A1D8N7L3	0.001995
A0A1H6Q679	0.001995
A0A1D8N8Y7	0.001998
A0A1D8NJ72	0.002000
A0A1D8NPI6	0.002004
A0A371C678	0.002005
A0A1D8N778	0.002009
A0A1D8NMM1	0.002010
A0A1D8NJK4	0.002010
A0A1D8N7X9	0.002012
A0A1H6Q7Q5	0.002013
A0A1H6PVK5	0.002016
A0A1D8NHA8	0.002019
A0A1D8NQ43	0.002020
A0A1D8N7C6	0.002027
A0A1D8N5U3	0.002028
A0A1D8N682	0.002029
A0A1D8N763	0.002035
F2Z653	0.002036
A0A1D8NLD8	0.002037
Q6C5V7	0.002039
A0A1D8NL02	0.002040
A0A1D8NP11	0.002043
Q6CHJ7	0.002047
A0A1D8NET0	0.002048
A0A1D8NFT2	0.002048
A0A1D8NEE5	0.002050
A0A1D8NFE3	0.002050
A0A1D8NBG2	0.002053
A0A1D8NLQ6	0.002054
A0A1D8NIS6	0.002055
A0A1D8NLJ0	0.002056
A0A1H6PV80	0.002058
A0A1H6PU82	0.002059
A0A1D8N3F2	0.002063
A0A1D8NNK4	0.002065
A0A1D8NCY6	0.002065
A0A1H6PQJ7	0.002068
A0A1D8NID7	0.002072
A0A1D8NJA1	0.002073
A0A1D8NED7	0.002079
A0A1H6PHA9	0.002080
A0A1H6PRQ3	0.002083
A0A1D8NN51	0.002085
A0A1D8N8C6	0.002086
Q6CC70	0.002088
A0A1D8NA57	0.002091
A0A1D8NHP2	0.002091
A0A1H6PM68	0.002096
A0A1D8NK86	0.002096
A0A1D8NEB1	0.002098
A0A1D8NMM9	0.002099
A0A1D8NFY8	0.002099
A0A371C161	0.002100
A0A1H6PPD3	0.002100
A0A1H6PTL4	0.002103
A0A1D8NCC7	0.002104
A0A1H6PZ46	0.002108
A0A1D8N833	0.002109
A0A1D8NLG6	0.002111
A0A1D8NFX1	0.002113
A0A1D8N9C8	0.002114
A0A1D8NBL9	0.002117
Q6C107	0.002118
A0A371CAQ1	0.002119
A0A1D8NF48	0.002120
Q6C5K1	0.002121
A0A1D8NAX3	0.002122
A0A1D8NLL2	0.002122
Q6C0U0	0.002122
A0A1D8NKW6	0.002123
Q6C604	0.002128
A0A1D8NCT2	0.002129
A0A1D8ND05	0.002129
A0A1D8NHL4	0.002130
A0A1H6Q0J6	0.002133
A0A1H6PTD4	0.002135
A0A1H6Q7E1	0.002135
A0A1H6PPT0	0.002137
A0A1D8N7D1	0.002138
A0A1H6PHK7	0.002145
A0A1D8NG96	0.002145
A0A1H6Q2A9	0.002146
A0A1H6QCH4	0.002147
A0A1D8N7D8	0.002152
A0A1D8NQ87	0.002152
A0A1H6QB80	0.002154
A0A1D8N569	0.002155
A0A1H6PRG9	0.002157
Q6C7D6	0.002160
A0A1D8NA64	0.002165
A0A1D8NI25	0.002165
A0A1D8NJG5	0.002169
Q6C9G0	0.002169
A0A1D8NNH0	0.002170
A0A371C617	0.002172
A0A1D8NFJ2	0.002177
A0A1H6PNQ9	0.002177
A0A1D8NPF3	0.002178
A0A1D8N4H3	0.002179
A0A1D8NAT9	0.002180
A0A1D8N9I6	0.002189
A0A1H6PYS5	0.002192
A0A371CA03	0.002192
A0A1D8N4A3	0.002192
A0A1D8NE70	0.002193
A0A1H6PW84	0.002195
A0A1D8N9P0	0.002198
Q6CA67	0.002198
A0A1H6PUV4	0.002198
A0A1D8NJ04	0.002201
A0A1D8NJD6	0.002202
A0A1D8NM90	0.002202
Q6C9Q0	0.002203
A0A1D8N8E7	0.002204
A0A1D8NPM6	0.002216
A0A1H6QBH8	0.002217
A0A1H6PXL3	0.002220
A0A1D8ND29	0.002220
A0A1D8NIP7	0.002222
A0A1D8NQB2	0.002226
Q6CCZ1	0.002227
A0A1D8NAV8	0.002227
A0A1D8N385	0.002233
A0A1D8NLG0	0.002233
A0A1H6PVZ5	0.002235
A0A371BWV5	0.002238
Q6C7Y5	0.002239
F2Z6H3	0.002239
A0A1D8N495	0.002239
A0A1D8NNS8	0.002240
A0A1D8NNA9	0.002249
A0A1D8N941	0.002249
A0A1D8NK75	0.002252
A0A1D8NKZ4	0.002252
A0A1D8NPZ6	0.002252
A0A1D8NG04	0.002256
A0A1H6Q5Y9	0.002256
A0A1D8NA52	0.002258
A0A1D8NGL0	0.002260
Q6C703	0.002262
A0A1D8NEF1	0.002264
A0A1D8NGX7	0.002266
A0A1D8NCY0	0.002269
Q6CAX1	0.002269
Q6C3R3	0.002271
A0A371C164	0.002273
A0A1D8NEB2	0.002273
A0A1D8NJ41	0.002276
A0A1H6PYI2	0.002279
A0A1H6PXT3	0.002280
A0A1D8NQ79	0.002287
A0A1D8N4V4	0.002289
A0A1H6Q5M0	0.002292
A0A1D8NLM7	0.002296
A0A1D8N7C0	0.002296
A0A1H6PUX2	0.002297
A0A1D8N7U9	0.002299
Q8WZL4	0.002302
A0A1D8NLU0	0.002311
Q6CFP3	0.002312
A0A0A1GK62	0.002313
A0A1H6Q154	0.002320
A0A371C6F0	0.002323
A0A1H6PWV4	0.002327
A0A1D8N801	0.002331
Q6CDN5	0.002333
A0A1D8NPE5	0.002335
A0A1D8NBJ4	0.002337
A0A1D8NIU9	0.002337
Q6C452	0.002338
A0A1D8NCD4	0.002339
A0A1D8NPF0	0.002340
Q874C0	0.002343
A0A1D8NNA7	0.002344
A0A1D8NP96	0.002345
A0A1D8N596	0.002345
A0A1D8NJM9	0.002345
A0A1D8NE40	0.002346
A0A1D8NLK7	0.002347
Q6C9T0	0.002348
A0A1D8N4U6	0.002350
Q6C6D9	0.002356
A0A1D8NKA3	0.002361
A0A1D8NQE5	0.002364
A0A371CEN5	0.002365
A0A1D8NEU3	0.002366
A0A1D8NDG3	0.002366
A0A1D8NBZ0	0.002366
A0A1D8NHM6	0.002369
F2Z6J3	0.002371
A0A1D8NP08	0.002371
A0A371C467	0.002372
A0A1H6Q3V5	0.002373
A0A1D8NGX8	0.002373
A0A371BYB1	0.002373
A0A1D8N8J8	0.002375
Q6CHD6	0.002375
A0A1D8NMZ5	0.002375
A0A1H6PXK5	0.002377
A0A1D8NL01	0.002377
A0A1D8NN07	0.002378
A0A1D8N8K7	0.002379
A0A1D8NJT0	0.002380
A0A1D8N717	0.002382
A0A1D8NA36	0.002384
Q6C588	0.002385
A0A1D8NB18	0.002385
A0A1H6PZ82	0.002385
A0A1D8NAN3	0.002386
A0A1D8NQR7	0.002387
A0A1D8N5D4	0.002388
A0A1D8NIS4	0.002389
Q6C315	0.002389
A0A1H6PVL3	0.002389
A0A1H6PHV5	0.002390
A0A371CD53	0.002391
A0A1D8NB47	0.002392
A0A371CD81	0.002394
A0A1H6PQE2	0.002396
A0A1D8NGZ2	0.002397
Q6C116	0.002397
Q6C922	0.002398
A0A371C7Z1	0.002398
Q6CHJ8	0.002399
A0A1H6PT60	0.002399
A0A1D8NLD3	0.002399
A0A1H6PPK4	0.002400
A0A1H6Q902	0.002405
A0A1D8NQP3	0.002410
Q6CBH3	0.002411
A0A1D8N4R9	0.002414
A0A1D8NCI6	0.002415
A0A1H6PTF7	0.002416
A0A1D8NI17	0.002420
A0A1H6PWR9	0.002421
Q6CGJ5	0.002425
A0A1D8NE58	0.002427
A0A1D8N6P2	0.002427
A0A1D8NIL9	0.002433
A0A1D8NLS1	0.002433
A0A1H6PWV0	0.002433
A0A1D8NPI5	0.002435
A0A1H6Q668	0.002436
A0A1D8NAX2	0.002438
A0A1D8NQE8	0.002439
A0A1H6PJC3	0.002440
A0A1H6PT75	0.002442
Q6C9F5	0.002443
A0A1D8NKT7	0.002446
A0A1H6PLY3	0.002448
Q6C462	0.002449
Q6CAG9	0.002449
A0A1D8NG00	0.002451
A0A1H6PV71	0.002451
A0A1D8NIC0	0.002454
A0A1D8N7M4	0.002463
A0A1D8NLJ2	0.002468
A0A1D8NE80	0.002469
A0A1D8NFA4	0.002469
A0A1D8N4T2	0.002471
A0A1H6PTA9	0.002473
A0A1D8NP26	0.002473
A0A1D8N720	0.002478
A0A1D8N784	0.002478
A0A1D8NIZ6	0.002480
A0A1D8NPN5	0.002482
A0A371C9B0	0.002482
A0A1H6Q835	0.002483
Q6CCV4	0.002485
A0A1D8NIE3	0.002486
A0A1D8NKV0	0.002487
A0A1D8NGU4	0.002487
A0A1D8NE74	0.002488
A0A1D8NNR1	0.002489
A0A1H6Q3A1	0.002490
A0A1D8NBP8	0.002502
A0A1H6Q9J3	0.002505
A0A1D8NMQ8	0.002506
A0A1D8N5S4	0.002509
A0A1H6PY40	0.002515
A0A1D8NJE5	0.002516
A0A371C9P7	0.002525
A0A371CDF1	0.002526
Q6C961	0.002530
A0A1D8NAP7	0.002541
A0A1D8N846	0.002541
A0A1D8NPL8	0.002545
A0A1H6PVH8	0.002546
Q6C7A6	0.002547
A0A1H6PWA0	0.002551
A0A1D8N9J9	0.002552
A0A1D8NIK6	0.002552
Q6C3U1	0.002554
A0A371C1G7	0.002557
Q6C2H4	0.002558
A0A1D8N7P5	0.002559
A0A1D8N8V2	0.002565
A0A1D8ND49	0.002566
A0A1D8NKY0	0.002566
A0A1D8N7U6	0.002568
A0A1H6PSH7	0.002571
A0A1D8N7I2	0.002579
A0A1D8NML2	0.002580
A0A1D8NGP1	0.002580
A0A1D8NIV5	0.002581
A0A1H6PLT7	0.002585
A0A1D8NKL7	0.002586
A0A1D8N6M4	0.002597
Q6C7V5	0.002597
A0A1D8NDA1	0.002598
A0A1D8NDU5	0.002601
A0A1D8N9C6	0.002602
Q6C783	0.002602
A0A1D8NG47	0.002603
A0A1H6PJ99	0.002603
A0A1D8NDZ8	0.002603
A0A1D8N8F9	0.002605
A0A1H6Q0B7	0.002605
A0A1D8NHY6	0.002606
A0A1D8NEX2	0.002606
A0A1D8NJC0	0.002609
A0A371CB60	0.002609
A0A1D8NJV8	0.002612
A0A1D8NL53	0.002617
A0A1D8NK89	0.002623
A0A1H6Q588	0.002628
A0A1H6Q644	0.002628
A0A1D8NM24	0.002632
A0A1D8NM74	0.002634
A0A371C630	0.002640
A0A1H6Q488	0.002640
A0A1H6PMX1	0.002641
A0A1D8NJE0	0.002642
A0A1H6PZP9	0.002643
A0A1D8NQ54	0.002645
A0A371CCS0	0.002649
A0A371C0W1	0.002651
A0A1D8NFB5	0.002652
A0A1D8N9S0	0.002653
A0A1D8NI03	0.002655
A0A1H6PMJ9	0.002655
A0A1D8NPQ9	0.002656
A0A1D8NEQ1	0.002657
A0A1D8NID4	0.002657
A0A1D8N5X4	0.002670
A0A1D8NC52	0.002673
A0A1H6PV51	0.002674
A0A371BZJ4	0.002676
A0A1D8NNR8	0.002679
A0A1D8NJR3	0.002680
A0A1H6PVZ2	0.002682
A0A1D8N8G4	0.002682
A0A1D8N774	0.002682
A0A1D8NQP8	0.002683
A0A1H6PY20	0.002684
A0A1D8N358	0.002686
A0A1D8NI57	0.002687
A0A1H6PW49	0.002690
Q6C0M9	0.002693
Q6CBS9	0.002695
A0A1H6Q2D4	0.002700
A0A1H6Q2U1	0.002703
Q6CEJ1	0.002717
A0A1H6PQ85	0.002717
A0A1D8NQA5	0.002720
Q6CGE6	0.002720
A0A1D8N6A3	0.002723
A0A1D8NBI4	0.002728
A0A1D8NLL8	0.002729
A0A1D8NLX0	0.002735
A0A1D8NJC8	0.002738
A0A1H6PTI6	0.002740
A0A1D8NKC1	0.002740
A0A1H6PJP7	0.002740
Q6C8C5	0.002743
Q6CHS6	0.002744
A0A1D8NK64	0.002746
A0A1D8N9E1	0.002748
A0A1D8NI32	0.002748
A0A1D8NE88	0.002749
A0A1D8NNW5	0.002753
A0A1H6PPC9	0.002753
A0A1D8N5G3	0.002754
A0A1H6PRI4	0.002756
A0A1D8NCU2	0.002757
A0A371C0U9	0.002759
A0A1D8NEC0	0.002765
A0A1D8NJ59	0.002769
A0A1D8N6Q9	0.002770
A0A1H6PLH4	0.002773
A0A1D8NH26	0.002775
A0A1D8N5C7	0.002781
A0A1D8NCL1	0.002782
A0A1D8NHU2	0.002783
A0A1D8NJH3	0.002790
A0A1D8NPX7	0.002790
A0A1D8NQ08	0.002798
A0A1H6PQX3	0.002798
A0A1D8NKC6	0.002800
A0A1H6PUQ0	0.002800
A0A1H6PNP9	0.002801
A0A1D8NEZ8	0.002801
A0A1D8N8P0	0.002802
Q6C5R2	0.002803
A0A1D8N8P3	0.002806
A0A1D8NJW3	0.002809
A0A1D8NKM4	0.002813
Q6C8V1	0.002817
A0A1D8N6Q4	0.002819
A0A1H6PYY9	0.002819
A0A1D8NBH0	0.002824
Q6C0R5	0.002828
A0A1H6PZ61	0.002828
A0A1D8NCQ9	0.002828
Q6CFX5	0.002829
A0A371CB06	0.002830
A0A1H6Q374	0.002831
A0A1D8NPJ2	0.002834
A0A1D8NM05	0.002835
A0A1D8NAZ8	0.002838
A0A1D8N9M8	0.002846
A0A1H6Q335	0.002849
A0A1D8NF50	0.002851
Q6C2F4	0.002852
A0A1D8N3G3	0.002855
A0A1D8NMD5	0.002856
A0A1D8N8H6	0.002857
A0A1D8NGQ6	0.002859
A0A1D8N8F6	0.002860
A0A1D8NJ76	0.002861
A0A1D8NK04	0.002864
Q6C872	0.002866
A0A1H6Q7G1	0.002875
A0A1D8N540	0.002876
Q6CCK2	0.002882
Q6C0S8	0.002885
A0A1H6PSH6	0.002887
A0A371C269	0.002888
A0A1D8NNG5	0.002892
A0A1D8ND36	0.002893
A0A1D8N8E5	0.002894
A0A371CBF9	0.002894
Q6CAY6	0.002896
A0A1D8N514	0.002898
A0A1H6PVJ0	0.002900
A0A371CFL9	0.002901
A0A1D8NME4	0.002903
A0A1H6PMT3	0.002909
A0A1D8N695	0.002912
Q6C101	0.002915
A0A371BZC9	0.002915
A0A1H6PW60	0.002916
A0A1D8N3V3	0.002920
A0A1H6QAQ6	0.002923
A0A1D8N3I3	0.002924
A0A1D8NES1	0.002924
A0A1D8N9R6	0.002926
A0A1H6PVE2	0.002926
A0A1D8N3C4	0.002930
A0A1D8N650	0.002935
Q6CAX5	0.002936
A0A1D8N4K2	0.002941
A0A1D8NNM1	0.002946
A0A1D8NE60	0.002947
A0A1D8N811	0.002948
A0A1D8NQP5	0.002949
A0A1D8N5A6	0.002950
A0A1D8NEE3	0.002951
A0A1H6PW29	0.002956
A0A1D8N534	0.002957
A0A1D8NM56	0.002960
A0A1H6PYW7	0.002964
A0A1D8NL12	0.002965
A0A1D8NEI4	0.002968
A0A1D8NF93	0.002969
A0A1D8NCU4	0.002970
A0A1D8NCF1	0.002971
A0A1D8N3I6	0.002972
A0A1H6PKE5	0.002976
Q6CGE7	0.002980
A0A1D8N616	0.002983
A0A1D8N8L8	0.002983
Q6CB37	0.002986
A0A1D8NMR5	0.002987
A0A1D8NCN6	0.002987
A0A1D8N3D1	0.002989
A0A1D8N7C4	0.002990
A0A371CBI7	0.002991
A0A1D8NMT6	0.002991
A0A1H6PX02	0.002992
A0A371CAL4	0.002992
A0A371C019	0.002993
A0A1D8N4J2	0.002994
A0A1H6PSA7	0.002996
A0A1D8N710	0.002997
A0A1D8NPL6	0.002998
A0A1D8NDS5	0.003006
A0A1D8N531	0.003013
A0A1H6PXG8	0.003013
A0A1D8NEH5	0.003013
F2Z5Z4	0.003014
A0A1D8NM28	0.003014
A0A1D8NK20	0.003014
A0A1D8NI64	0.003019
A0A1D8NGD6	0.003020
A0A1D8N6Z4	0.003021
A0A1D8N3I4	0.003022
A0A1D8NKM3	0.003023
A0A1D8NHK1	0.003026
A0A1H6Q846	0.003029
A0A1D8N5C5	0.003030
A0A1D8NGY4	0.003031
A0A1H6PZM3	0.003036
A0A1D8NF84	0.003039
Q6C982	0.003044
A0A1D8NI35	0.003044
F2Z619	0.003046
A0A1H6PQ02	0.003047
A0A1H6Q6C5	0.003048
A0A1D8NQ61	0.003049
Q6C2E2	0.003050
A0A1D8NJ80	0.003052
A0A1D8ND79	0.003052
A0A1D8N535	0.003053
A0A1D8NCU7	0.003055
A0A1D8NK41	0.003067
A0A1D8NNJ4	0.003068
A0A1D8N973	0.003076
A0A1D8NFE2	0.003088
Q6CAC9	0.003091
A0A1H6Q8U8	0.003101
A0A1D8N9Y0	0.003102
A0A1H6PIT5	0.003109
A0A1D8NB59	0.003109
A0A1D8NFB8	0.003109
A0A1H6Q9Q8	0.003109
A0A1D8N4B8	0.003113
A0A1D8NA11	0.003114
A0A1H6Q9U3	0.003114
A0A1D8NKF2	0.003118
A0A1D8NFM2	0.003118
A0A1D8NCE5	0.003122
A0A1D8NCD0	0.003126
Q6CFJ0	0.003128
A0A1D8NHT1	0.003129
A0A1D8NKI7	0.003136
A0A1D8N561	0.003138
A0A1D8NBZ0	0.003138
A0A1D8NLK1	0.003139
A0A1D8N8M6	0.003141
A0A1D8NC15	0.003142
A0A1D8NDB2	0.003152
A0A1D8NL66	0.003154
Q6CCH0	0.003164
A0A1D8NN76	0.003165
A0A1H6Q0L5	0.003171
A0A1D8NNZ5	0.003172
A0A371CAY6	0.003175
Q6C1V6	0.003177
A0A1D8NDU3	0.003177
A0A1D8NK84	0.003178
A0A1D8NI85	0.003179
A0A1D8NES2	0.003190
A0A1D8N705	0.003192
A0A1D8NM14	0.003197
Q6C007	0.003202
A0A1D8NBI8	0.003204
A0A1D8NGF9	0.003208
A0A1H6PI52	0.003213
A0A1D8NGW6	0.003219
A0A371BZ35	0.003219
A0A1H6PRR9	0.003220
F2Z693	0.003220
Q6CCW0	0.003227
A0A1D8N831	0.003229
A0A1D8ND62	0.003235
A0A1D8N6N8	0.003235
A0A1D8NLY4	0.003235
Q6C1L3	0.003240
A0A1D8N3C7	0.003242
A0A1H6PQX1	0.003243
A0A1D8N3Z2	0.003243
A0A1D8NF70	0.003247
A0A1H6Q3S7	0.003248
A0A1D8N6Y1	0.003249
A0A1D8N5E9	0.003252
A0A1H6PYX8	0.003256
A0A1D8NQA3	0.003257
A0A1H6PMI1	0.003258
A0A1D8NHR3	0.003258
A0A1D8N6B9	0.003259
A0A1D8NBR8	0.003259
A0A1D8N939	0.003259
A0A1D8NE28	0.003260
Q6CEE7	0.003262
A0A1H6Q7T5	0.003266
A0A1D8NPU9	0.003266
A0A1H6Q503	0.003267
A0A1D8N863	0.003267
Q6CBX2	0.003271
A0A1D8NDB7	0.003275
A0A1D8N8Z5	0.003275
A0A1H6PUP1	0.003279
P78978	0.003280
Q6C6Z2	0.003281
Q6C9M8	0.003281
A0A1H6Q7K1	0.003282
Q6C7M4	0.003284
A0A1H6PU95	0.003284
Q6C4R5	0.003287
A0A1D8NNV8	0.003291
A0A1D8NE44	0.003295
A0A1H6PNJ1	0.003296
A0A1D8N6D7	0.003298
A0A1H6PW47	0.003299
A0A1H6PPE7	0.003299
A0A1D8NAK7	0.003300
A0A1D8NDA2	0.003300
A0A1H6PXJ5	0.003301
A0A1D8N630	0.003303
A0A1D8NBG5	0.003305
A0A1D8NE51	0.003305
A0A1H6PU62	0.003306
A0A1D8NKZ8	0.003306
A0A1H6PP85	0.003310
A0A1D8NJ55	0.003313
A0A1D8NNS4	0.003315
Q6C7Q6	0.003316
A0A1H6PW58	0.003317
A0A1D8N9G6	0.003319
A0A1D8NEN8	0.003319
A0A1H6PXB7	0.003319
A0A1D8NP76	0.003320
Q6CC11	0.003323
A0A1D8NC72	0.003325
A0A1H6QB37	0.003333
Q6C6N0	0.003340
A0A1D8N9S2	0.003341
A0A1D8N3U5	0.003342
A0A1D8NBN9	0.003343
A0A1H6PZ86	0.003344
A0A1H6Q0T3	0.003345
A0A1D8NB34	0.003347
A0A1D8NC26	0.003348
A0A1D8N8I0	0.003349
A0A1D8NH99	0.003350
A0A1D8NQN0	0.003351
A0A1H6Q8J3	0.003352
A0A1D8N8N1	0.003356
A0A1D8NCF2	0.003361
A0A1D8N9V3	0.003364
M5A381	0.003366
A0A1D8NDB8	0.003368
A0A1D8N7Q6	0.003371
Q6CBI8	0.003371
A0A1D8NQQ8	0.003372
A0A1H6PQD1	0.003374
A0A1H6PRD7	0.003380
A0A1D8NMB4	0.003380
Q6C799	0.003380
A0A1D8NKX5	0.003387
Q6C2J1	0.003388
A0A1D8NEC7	0.003389
A0A1D8N773	0.003392
A0A1D8NLD4	0.003394
A0A1H6Q4L6	0.003396
A0A1D8NLB1	0.003398
A0A1D8N825	0.003408
A0A1D8N975	0.003409
A0A1D8NEG3	0.003410
A0A1D8N7T1	0.003417
A0A1D8N423	0.003417
A0A1H6Q5V9	0.003419
A0A1D8NQ57	0.003420
O74935	0.003422
A0A1D8NMG4	0.003422
A0A1H6QCI6	0.003424
A0A1H6PRL9	0.003426
A0A1H6PJ09	0.003426
A0A1D8N6M1	0.003434
A0A1D8N7D6	0.003436
A0A1D8NCT1	0.003436
A0A1H6PWP7	0.003446
Q6CG88	0.003446
A0A1D8NH19	0.003446
A0A1H6PZ31	0.003457
A0A1D8NGA1	0.003460
A0A1D8NQ76	0.003460
A0A1D8NLT1	0.003463
A0A1D8NKS7	0.003466
A0A1H6QAM8	0.003468
A0A1D8N9A1	0.003468
A0A1D8NGV6	0.003468
Q6C7H6	0.003469
A0A1D8NDT0	0.003469
A0A1H6PSP5	0.003471
Q6C233	0.003476
Q6C6I6	0.003477
A0A1D8NIQ5	0.003485
A0A1D8NEZ2	0.003486
A0A1D8N4D5	0.003487
A0A1H6Q8B9	0.003492
A0A1D8NF44	0.003503
A0A1D8N9M4	0.003509
A0A1H6PUJ3	0.003510
A0A1D8NHV2	0.003512
A0A1D8NQ42	0.003513
A0A1H6Q6R3	0.003528
A0A1H6PW59	0.003533
A0A1D8NKP5	0.003537
A0A1H6PVU0	0.003543
Q6CEC9	0.003545
A0A1D8NQG7	0.003548
A0A1D8NI83	0.003552
A0A1D8NNR2	0.003552
A0A1H6PQP3	0.003553
A0A1D8NCV8	0.003556
A0A1D8N711	0.003557
A0A1D8NJH2	0.003558
A0A1H6PW06	0.003558
A0A1H6PT64	0.003560
A0A1H6PQE1	0.003561
A0A1H6Q261	0.003561
A0A1D8NM81	0.003562
A0A1H6PQD0	0.003563
A0A1D8NCN1	0.003564
A0A1D8N5F4	0.003564
A0A1D8NKB9	0.003567
A0A1D8NMI1	0.003568
A0A1D8NM62	0.003575
A0A1D8N5M8	0.003575
A0A1D8NKP4	0.003577
A0A1D8NI07	0.003583
A0A1D8NPV4	0.003584
A0A1D8NQQ7	0.003586
A0A1D8NQ23	0.003587
Q6CGS4	0.003590
A0A1D8NK60	0.003591
Q6CDJ8	0.003593
Q6CAF4	0.003593
A0A1H6Q3R0	0.003596
A0A1D8NBB2	0.003600
A0A371C5F3	0.003602
A0A1H6PX03	0.003604
A0A1D8NMW1	0.003607
A0A1D8NP83	0.003609
A0A371C8S0	0.003610
A0A1D8N842	0.003613
A0A1D8NGZ6	0.003615
A0A1H6PYT5	0.003621
A0A1H6Q5A6	0.003625
A0A1H6Q312	0.003626
A0A1H6PRD7	0.003626
A0A371C9Q7	0.003627
A0A1D8N3I7	0.003630
A0A1D8NA38	0.003630
A0A1D8N3H4	0.003631
Q6CIA5	0.003634
A0A1D8NGJ3	0.003642
A0A1D8NDP3	0.003643
A0A1D8N7B8	0.003646
A0A1D8NQ52	0.003647
A0A1H6Q7Z7	0.003649
A0A1H6PHB2	0.003655
A0A1D8NHN2	0.003673
A0A1H6PVY0	0.003677
A0A1H6PKD2	0.003681
A0A1D8NMY4	0.003682
A0A1H6PW14	0.003684
A0A1D8NH38	0.003694
A0A1H6Q1C6	0.003697
A0A1D8N7Z7	0.003704
A0A1D8N8E4	0.003704
A0A1H6Q650	0.003705
A0A1H6PUZ2	0.003706
A0A1H6PVU5	0.003709
A0A1D8NJM8	0.003712
A0A1D8NPU4	0.003715
A0A1H6QAM4	0.003723
A0A371C8Q6	0.003724
A0A1H6PZV7	0.003726
A0A1H6PNH0	0.003727
A0A1H6PUP5	0.003733
A0A1D8NE63	0.003734
A0A1D8NCD8	0.003735
A0A1D8NNF2	0.003736
A0A1D8NPX0	0.003738
A0A1D8NFU7	0.003739
A0A1D8NLR1	0.003739
A0A1H6PYP4	0.003741
A0A1D8NPQ3	0.003742
A0A1H6Q0G8	0.003747
A0A1H6PJE1	0.003752
A0A1D8NCD2	0.003752
Q6CA26	0.003754
A0A1H6Q7G0	0.003754
A0A1D8NQ77	0.003764
A0A371CDE4	0.003766
A0A1D8NL59	0.003769
A0A1D8NMC0	0.003770
A0A1D8NJY6	0.003772
A0A1D8N6T2	0.003772
A0A1D8NEC5	0.003774
A0A371CFV6	0.003776
A0A371C492	0.003778
A0A1H6PPP8	0.003778
A0A1D8NB48	0.003785
A0A1D8NAC1	0.003789
A0A1H6PZC2	0.003797
Q6CA87	0.003799
A0A1D8NQH0	0.003801
A0A1H6Q6H4	0.003803
A0A1H6PLD2	0.003804
A0A1D8NG30	0.003805
A0A1H6PHR4	0.003808
A0A1D8N3R1	0.003810
A0A1D8N5L0	0.003811
A0A1H6PPE6	0.003821
A0A1D8NDX3	0.003824
A0A1D8N4W2	0.003826
A0A1H6PT65	0.003837
Q6CHT7	0.003840
A0A1D8N877	0.003840
A0A1D8NE03	0.003841
A0A371C0M9	0.003844
A0A1D8NMT2	0.003844
A0A1H6Q040	0.003850
A0A1H6Q8P1	0.003858
A0A1D8ND14	0.003865
A0A1D8NB71	0.003870
A0A1D8NGY3	0.003871
A0A1D8NBN3	0.003872
A0A1H6PWT7	0.003872
A0A371CCN8	0.003872
A0A1D8N892	0.003877
A0A1D8NE18	0.003878
A0A1D8NMZ2	0.003880
A0A1D8NJW5	0.003884
A0A1D8N4Z1	0.003886
A0A1H6PNY9	0.003886
A0A1D8NE81	0.003886
A0A1D8NDT4	0.003889
A0A1H6PR34	0.003890
A0A1D8NP77	0.003891
A0A1D8N629	0.003896
A0A1D8NH04	0.003897
A0A1D8NCT9	0.003898
A0A1D8NF86	0.003906
Q6CGU8	0.003908
A0A1D8NNS6	0.003909
A0A1D8NJ34	0.003909
A0A1D8NM11	0.003910
A0A1D8NGJ0	0.003915
A0A1D8N798	0.003917
A0A1D8NMR0	0.003920
A0A371CAW3	0.003927
A0A1D8N7C8	0.003927
A0A1D8NAK0	0.003928
A0A1D8NJD8	0.003936
A0A1H6PPU4	0.003942
A0A1H6Q073	0.003943
Q6CC77	0.003944
A0A1D8N946	0.003944
Q6CBC3	0.003950
A0A1H6PHP5	0.003950
A0A1D8N517	0.003952
A0A1H6Q5K1	0.003959
A0A1D8NLX8	0.003960
A0A1D8N9V6	0.003962
Q6C5G5	0.003964
A0A1H6PTI9	0.003978
A0A1D8NMP2	0.003979
A0A1D8NAL3	0.003982
A0A1H6PUB3	0.003985
A0A1H6PS22	0.003986
A0A1H6PZ40	0.003988
A0A1H6PUZ5	0.003996
A0A1D8N6B0	0.003999
A0A1D8NM97	0.003999
A0A1H6PS77	0.004003
A0A1H6Q885	0.004008
Q6C842	0.004008
A0A1D8NDL7	0.004009
A0A1D8N9R0	0.004015
Q6BZR4	0.004018
A0A1D8NM76	0.004019
A0A1D8NPM4	0.004029
A0A1D8N951	0.004032
A0A1H6PY13	0.004039
A0A1D8NIW6	0.004044
A0A1D8NJA6	0.004051
A0A1D8NIC2	0.004052
A0A1D8NBM0	0.004057
A0A1D8NBM9	0.004059
A0A1D8N9F0	0.004063
A0A1D8N8U4	0.004065
A0A1D8NEI8	0.004067
A0A1D8NLM9	0.004072
A0A1D8NDH5	0.004076
A0A1D8NEX1	0.004080
A0A371CG63	0.004087
A0A1D8NQT5	0.004088
A0A1D8NAH9	0.004089
A0A1H6Q238	0.004090
A0A1D8NKR2	0.004092
Q6BZZ6	0.004095
A0A1D8N923	0.004097
A0A1D8NIK3	0.004099
A0A1D8N848	0.004100
A0A1D8NJG1	0.004105
Q6CEJ6	0.004108
A0A1H6PY78	0.004111
A0A1D8NPC0	0.004111
A0A1D8N4Y9	0.004111
A0A371C1D9	0.004114
Q6C435	0.004115
A0A1D8NJW2	0.004116
Q6C7B9	0.004118
B5MFD1	0.004120
A0A1D8NBL5	0.004126
A0A1D8NHN6	0.004128
A0A1D8NML6	0.004128
A0A371BZZ3	0.004129
A0A1D8N936	0.004129
A0A1D8NP34	0.004131
A0A1D8NAA2	0.004132
A0A1D8N7K4	0.004132
Q6CDK1	0.004133
A0A1D8NNP5	0.004135
A0A1D8N9R2	0.004139
A0A1H6QBE5	0.004144
A0A1H6Q855	0.004148
A0A1D8NJ44	0.004148
A0A1D8NLG5	0.004151
A0A1D8NEB7	0.004152
A0A1D8NFX2	0.004153
Q6CE88	0.004157
Q6C4Q9	0.004158
A0A1D8N8U8	0.004163
A0A1D8N5Q4	0.004164
A0A1D8N4C8	0.004164
A0A1D8N751	0.004167
A0A1H6PZL8	0.004170
A0A1H6PNJ8	0.004173
A0A1H6QAL0	0.004176
A0A371C835	0.004179
A0A1D8NP50	0.004187
A0A371BZR2	0.004187
A0A1D8NJ99	0.004188
A0A371BY51	0.004189
Q6CBB0	0.004190
Q6CEE9	0.004193
A0A1H6PQ49	0.004195
A0A1D8NFK8	0.004203
Q6CF40	0.004204
Q6CF78	0.004205
A0A1D8NFR5	0.004206
A0A371C7T9	0.004208
Q6CF24	0.004209
A0A1D8N3V5	0.004211
A0A1D8N6X2	0.004214
A0A1D8NFU3	0.004216
A0A1D8N3K7	0.004217
A0A1D8NKF8	0.004219
A0A1D8NPA7	0.004220
Q6CBZ0	0.004225
A0A1D8NLX7	0.004226
A0A371C9H3	0.004227
Q6C9M6	0.004228
A0A1H6PHK5	0.004234
A0A1D8N996	0.004243
Q6CH03	0.004244
A0A1D8NQ46	0.004245
A0A1D8N847	0.004246
A0A1D8ND72	0.004248
A0A1D8NKF9	0.004252
A0A371BXJ3	0.004254
A0A1D8NQA0	0.004256
A0A1D8N5M5	0.004257
A0A1D8NBM7	0.004259
A0A1D8NE71	0.004264
A0A1D8NPK2	0.004268
Q6C024	0.004270
A0A1D8NNW6	0.004271
A0A1D8NLQ1	0.004277
A0A1D8NDL6	0.004283
Q6C3D7	0.004288
A0A1D8NKE0	0.004295
Q6C2S3	0.004302
A0A1H6PVI8	0.004305
A0A1H6PM01	0.004307
A0A371C714	0.004318
A0A1H6PWM2	0.004321
A0A1D8NBR2	0.004322
A0A1D8N8R4	0.004323
A0A1D8N4H3	0.004323
A0A1D8NBU8	0.004328
A0A1D8NI84	0.004329
A0A1D8NP05	0.004333
A0A1D8NDA9	0.004337
Q6C9Q3	0.004341
A0A1D8NLY8	0.004341
A0A1H6Q5D5	0.004345
A0A1H6PW46	0.004348
A0A1H6Q8A7	0.004348
A0A1D8N5I9	0.004348
A0A1D8NBE8	0.004353
A0A1D8NIG1	0.004358
Q6CH58	0.004359
A0A1D8NJE7	0.004364
A0A371C053	0.004365
A0A1H6PRH9	0.004366
A0A1H6PY34	0.004366
A0A1H6PR62	0.004370
A0A1D8NG87	0.004370
A0A1D8N6B3	0.004371
A0A1D8NNW6	0.004374
A0A1D8N6C5	0.004376
Q6CEW9	0.004380
A0A1D8NHQ0	0.004386
A0A1D8NGH8	0.004388
A0A1H6Q7F7	0.004388
A0A1D8NEI9	0.004394
A0A1D8N486	0.004397
A0A1H6PHN1	0.004401
Q6CH28	0.004403
Q6CDP5	0.004409
A0A1D8N3B1	0.004411
A0A1D8NNR7	0.004411
A0A1H6PXA8	0.004412
A0A1D8NK48	0.004418
A0A1D8NC63	0.004419
Q6C882	0.004422
A0A1D8NCS5	0.004429
A0A1D8N8E8	0.004429
A0A1D8N9R8	0.004430
F2Z5Z5	0.004433
A0A1H6PPB9	0.004441
A0A1D8NK13	0.004442
A0A1D8NBA4	0.004446
A0A1H6Q0D4	0.004447
Q6C5G0	0.004450
A0A1D8NMR1	0.004450
A0A1D8NG53	0.004453
Q6C238	0.004461
A0A1D8NQF4	0.004461
A0A1D8NKQ2	0.004462
A0A1D8NDS8	0.004463
A0A1D8N4M8	0.004468
A0A1D8N464	0.004469
Q6C953	0.004479
A0A371CCL7	0.004480
A0A1H6Q5K9	0.004483
A0A1D8NMS8	0.004489
A0A1D8NQN6	0.004492
A0A1H6PZ65	0.004495
A0A1H6Q8E8	0.004497
A0A1D8NPZ0	0.004498
A0A1D8NGY5	0.004504
A0A1D8NJP8	0.004507
A0A1D8NBQ8	0.004522
A0A1H6PZ55	0.004525
A0A371C1G5	0.004529
A0A1H6Q6Z9	0.004533
A0A1D8NEV6	0.004533
A0A1H6PWM3	0.004537
A0A1H6PKS6	0.004540
A0A1H6PVA9	0.004541
A0A1H6PHE0	0.004541
A0A1D8N6K1	0.004543
A0A1D8NH10	0.004545
A0A1D8NGQ1	0.004548
A0A1H6PYZ8	0.004549
A0A1H6PVE1	0.004553
A0A1D8N7C5	0.004571
A0A1H6PS80	0.004572
A0A371C6F2	0.004572
A0A1D8NFV5	0.004578
A0A1D8N6W7	0.004581
A0A1D8NCS8	0.004585
A0A1H6PKN2	0.004586
A0A1H6PLE4	0.004588
A0A1D8NEV4	0.004591
A0A1D8NHK3	0.004592
A0A371C7C8	0.004598
A0A1D8NF18	0.004598
A0A1D8NL18	0.004603
A0A1H6Q4B2	0.004607
A0A1D8N6E5	0.004612
A0A1D8NKE7	0.004616
A0A1D8NI45	0.004620
A0A1D8NIP4	0.004622
A0A1D8NNX8	0.004629
A0A1H6Q0D8	0.004632
A0A1D8NPC9	0.004636
A0A371BX70	0.004639
Q6CGP9	0.004642
Q6C8F7	0.004646
A0A371CAR2	0.004649
A0A1D8N8V2	0.004654
Q6C0M4	0.004656
A0A1D8NBL6	0.004656
A0A1H6PX41	0.004668
A0A1D8NNJ2	0.004674
A0A1D8N4F0	0.004675
Q6C2D3	0.004685
Q6C187	0.004689
A0A1D8NMB1	0.004691
A0A1D8NQ99	0.004692
A0A1H6PYX6	0.004693
A0A1H6QAD0	0.004693
A0A1D8N703	0.004697
A0A1D8N6N5	0.004697
Q6CHY6	0.004699
A0A1D8N5N7	0.004700
A0A1D8NGX0	0.004703
A0A1D8NIG2	0.004705
A0A1D8N9L3	0.004706
A0A371C5A1	0.004708
A0A1H6PIN2	0.004709
A0A1D8N804	0.004715
A0A1D8NLP8	0.004719
A0A1H6PS42	0.004728
A0A1D8N8S3	0.004732
A0A1D8N9X8	0.004734
A0A1H6PRY4	0.004736
A0A371BYA1	0.004737
A0A1H6PIU5	0.004738
A0A1D8NG21	0.004742
A0A1D8N480	0.004742
A0A1D8NG39	0.004748
A0A1D8NN06	0.004754
A0A1D8NPL2	0.004755
A0A1D8N708	0.004757
A0A1H6Q825	0.004774
A0A1D8NIQ0	0.004775
A0A1D8NHZ1	0.004780
A0A1D8NFT4	0.004781
A0A1D8NLJ8	0.004792
A0A1D8N773	0.004796
A0A1H6PI78	0.004799
A0A371C6J8	0.004802
A0A1D8N380	0.004812
A0A1H6PJS9	0.004817
A0A1D8N7Q7	0.004823
A0A1D8NIC7	0.004825
A0A1D8N982	0.004834
Q6CA08	0.004837
A0A1D8NJZ6	0.004844
Q6C5M7	0.004846
A0A1H6PH64	0.004846
A0A1D8N626	0.004847
A0A371C8J6	0.004850
A0A1D8NGM2	0.004862
A0A1D8N5Y4	0.004870
A0A1D8N676	0.004879
Q6CBI0	0.004882
A0A1D8N9G1	0.004883
A0A1D8NQ60	0.004884
A0A1D8NME8	0.004886
A0A1D8N695	0.004891
A0A1D8NNQ9	0.004896
Q6C8H2	0.004897
A0A1D8NEA7	0.004899
A0A1D8NMU8	0.004900
A0A1D8N6I6	0.004909
A0A1D8NM94	0.004915
A0A1H6PSY7	0.004916
A0A1D8NB81	0.004917
A0A1D8NJK5	0.004919
A0A1D8NDC8	0.004939
A0A1D8N6V1	0.004940
A0A1D8N7L3	0.004941
Q6C8Y7	0.004946
Q6CD56	0.004950
A0A1D8NNK3	0.004955
A0A1H6PH35	0.004955
A0A1D8N8X5	0.004957
F2Z686	0.004958
A0A1H6PYF1	0.004959
A0A1D8NCA4	0.004961
A0A1D8NL91	0.004966
A0A1H6Q0V3	0.004976
Q6C740	0.004984
Q6C6V8	0.004985
A0A371BXM2	0.004987
A0A1D8NGS2	0.004988
A0A1D8NIJ9	0.004991
A0A1D8N631	0.004991
Q6CHK8	0.004993
A0A1D8NL16	0.004994
A0A1D8N558	0.004998
A0A1D8NAS0	0.004999
Q6C2Z7	0.005004
A0A1H6PYM4	0.005009
A0A1D8N8K2	0.005010
A0A1D8NI76	0.005010
Q6CB13	0.005011
A0A1D8NE98	0.005014
A0A1D8NJB6	0.005018
A0A1D8NFT0	0.005018
A0A1D8NCC9	0.005019
A0A1D8NG19	0.005022
Q6C715	0.005024
A0A1D8NH84	0.005029
A0A1D8NGD8	0.005031
A0A1H6PYJ3	0.005032
A0A1D8N803	0.005036
A0A1D8NEF6	0.005037
A0A1H6Q7K0	0.005044
A0A1D8NLF3	0.005047
Q6C7C9	0.005052
Q6C449	0.005053
A0A1H6Q243	0.005054
A0A371BZJ0	0.005062
Q6CEU0	0.005071
A0A1D8N6N9	0.005072
A0A1H6PUQ1	0.005074
Q6CEI9	0.005074
A0A1H6PZ76	0.005083
A0A1D8N5U0	0.005097
A0A1D8ND20	0.005111
A0A1D8NLA5	0.005114
Q8WZL6	0.005116
A0A1H6PSX0	0.005119
A0A1D8N7D5	0.005126
A0A1H6PQ01	0.005126
A0A1D8NPA4	0.005128
A0A1D8NIB9	0.005134
A0A1H6Q6K1	0.005135
Q05493	0.005136
A0A1H6Q5B4	0.005138
A0A1D8N4P3	0.005141
Q6CAB5	0.005145
A0A1D8NH98	0.005155
Q6C3L1	0.005158
A0A1D8NCJ5	0.005160
A0A1D8N9D4	0.005164
A0A1D8NFL4	0.005164
A0A1D8N906	0.005167
A0A1D8N890	0.005170
A0A1D8NNG6	0.005175
Q6C9M9	0.005177
A0A1D8N7M8	0.005177
A0A1H6QCK5	0.005186
Q6CFU2	0.005186
A0A1D8NLX4	0.005188
A0A1H6PUZ3	0.005191
A0A1H6PWY7	0.005195
A0A1D8N4M3	0.005198
A0A1D8NJD3	0.005209
A0A1D8NF02	0.005211
A0A1D8NHB0	0.005213
A0A1H6PYL4	0.005216
A0A1D8NMY5	0.005218
A0A1D8NPW5	0.005219
A0A371CB15	0.005222
Q6C141	0.005222
A0A1H6PP71	0.005223
A0A1D8NMQ3	0.005225
A0A1H6PQG1	0.005228
A0A1H6PS76	0.005229
A0A1D8NH47	0.005235
A0A1H6PSJ2	0.005238
A0A371BYA6	0.005241
A0A1D8N6D0	0.005242
Q6CFD9	0.005242
Q6CHE9	0.005243
A0A371C901	0.005248
A0A1D8NJX8	0.005254
A0A1D8NA18	0.005258
A0A1D8NFV4	0.005261
A0A1D8NLM5	0.005261
A0A1D8NCJ6	0.005263
Q6CF20	0.005264
A0A1D8NKX4	0.005265
A0A1H6PQY1	0.005272
A0A1H6PJU9	0.005280
Q6C7S6	0.005281
A0A1D8NQK3	0.005287
A0A1H6PT90	0.005291
A0A1H6PKK5	0.005292
A0A1D8N3F5	0.005294
A0A1D8NHL1	0.005295
A0A1D8N9J1	0.005296
A0A1D8NP60	0.005297
Q6C0K1	0.005299
Q96VC9	0.005302
A0A1D8N5M7	0.005305
A0A1D8NE25	0.005308
A0A1D8ND06	0.005313
A0A1D8NE65	0.005317
A0A1H6PJQ9	0.005320
A0A371C208	0.005320
A0A1D8NFD8	0.005320
A0A1D8N970	0.005322
A0A1D8NHD5	0.005325
A0A1D8N939	0.005326
A0A1D8NQI4	0.005326
A0A1H6Q782	0.005328
A0A1D8NKY8	0.005337
A0A1D8NMP6	0.005341
A0A1D8NNM2	0.005342
A0A1H6PPI2	0.005342
A0A1D8N7J8	0.005354
A0A1D8NP15	0.005358
A0A1D8NQM6	0.005361
A0A1H6PMN9	0.005369
A0A1D8N7D3	0.005369
A0A1D8NBM5	0.005370
A0A1D8NCI5	0.005373
A0A1D8NF39	0.005378
A0A371BZ25	0.005379
A0A1D8NGT0	0.005381
A0A1D8NLR8	0.005381
A0A1D8NLG2	0.005388
Q6CEU8	0.005393
A0A1D8NGB9	0.005394
A0A1D8NFL0	0.005397
A0A1D8NJJ8	0.005398
A0A1D8N737	0.005398
A0A1H6PTU7	0.005399
A0A1H6PSL0	0.005399
Q9Y753	0.005402
A0A1D8NDE5	0.005404
A0A1D8NQL5	0.005404
A0A1H6PII3	0.005406
A0A1D8N9G2	0.005415
Q6C503	0.005421
A0A1D8NN56	0.005424
A0A371C0I5	0.005427
A0A1D8NE53	0.005436
Q6CE86	0.005440
A0A1D8N6Y4	0.005440
A0A1H6QAI4	0.005442
A0A1D8NCW3	0.005450
A0A1H6PM58	0.005459
A0A1D8NIU3	0.005460
A0A1H6PN30	0.005462
A0A1D8NP72	0.005466
A0A1H6PJS3	0.005466
A0A1D8NFR4	0.005476
A0A1H6PXY2	0.005477
A0A1D8NGB7	0.005478
A0A1D8NNR6	0.005487
A0A1D8NEF3	0.005489
A0A1H6PHP8	0.005489
A0A371CCW2	0.005493
A0A1D8NH29	0.005510
A0A1D8NEP9	0.005512
A0A1H6Q3V2	0.005520
A0A1H6PYR8	0.005523
A0A1D8N7S5	0.005529
A0A1D8NK51	0.005535
A0A371CF90	0.005538
A0A1D8NCW0	0.005541
Q6C9C4	0.005547
A0A1D8NJG6	0.005551
A0A1D8NI39	0.005553
A0A1D8NFV1	0.005556
A0A1D8NCL0	0.005559
A0A1H6PPK1	0.005560
A0A1H6Q4F9	0.005560
A0A1H6PW81	0.005566
A0A1H6Q0W3	0.005568
A0A1D8NH87	0.005588
Q6C036	0.005590
A0A1D8N3T9	0.005594
Q6C1I3	0.005598
A0A1H6Q2C4	0.005603
A0A1H6PN15	0.005609
Q6CI62	0.005621
A0A1D8NC60	0.005621
A0A1D8NPI4	0.005621
Q6C0L7	0.005623
A0A1D8NI15	0.005638
A0A1H6PKI6	0.005646
A0A1D8NAW6	0.005650
A0A1H6PX78	0.005651
A0A1D8NAJ3	0.005655
A0A1H6PPP9	0.005655
A0A1D8N6A7	0.005657
A0A1D8NIE3	0.005674
Q6C9X0	0.005677
A0A1D8N7D9	0.005679
A0A371BYZ1	0.005682
A0A1D8N7M2	0.005682
A0A1D8NQS3	0.005688
A0A1D8NHF3	0.005689
A0A1D8NCB9	0.005700
A0A1D8NAZ7	0.005703
A0A1H6PS05	0.005706
A0A1D8NIW9	0.005715
A0A1D8N468	0.005719
A0A1D8NLR7	0.005725
A0A1H6PRX2	0.005730
Q6CDM0	0.005730
A0A1D8N8T4	0.005734
A0A1D8N7T7	0.005744
A0A1D8NL13	0.005747
A0A1D8NEL1	0.005756
A0A1H6PS64	0.005760
A0A1D8N8L2	0.005761
A0A1H6PYL5	0.005762
A0A1D8NBJ1	0.005763
A0A1D8N878	0.005764
A0A1D8NKN6	0.005768
A0A1D8NPA0	0.005771
A0A1D8NJD2	0.005775
A0A1D8NK87	0.005776
A0A1H6PTY6	0.005778
A0A1D8NIY7	0.005784
A0A1H6PUX4	0.005791
A0A1D8N4Y0	0.005805
A0A1H6PWM0	0.005814
A0A1H6PSS7	0.005818
A0A1D8ND42	0.005824
A0A1D8NE42	0.005824
A0A1D8NCY9	0.005829
A0A1D8NEC2	0.005832
A0A1H6PP06	0.005834
A0A1D8NA95	0.005834
A0A1H6Q854	0.005836
A0A1H6Q286	0.005848
Q6C2N7	0.005849
A0A1D8NM48	0.005849
Q6BZX4	0.005851
Q6CFX1	0.005853
A0A1D8NLE1	0.005857
A0A1D8N7R8	0.005858
A0A1D8NC79	0.005867
A0A1H6Q6M1	0.005867
A0A1H6PWX6	0.005868
A0A1D8NC90	0.005870
A0A1H6PIY0	0.005872
A0A1D8NHU4	0.005875
A0A1D8NBB1	0.005880
A0A1D8N836	0.005881
A0A1D8NDM6	0.005881
A0A1D8NBE5	0.005882
A0A371BYF7	0.005886
A0A1H6PWI3	0.005890
Q6C255	0.005892
A0A1D8NIU5	0.005899
A0A1D8N9X4	0.005900
A0A1D8NI60	0.005901
A0A1D8NAG6	0.005902
A0A1D8NFW5	0.005910
Q6CHN5	0.005912
A0A371C1G2	0.005916
Q6C3V7	0.005923
A0A1D8NBH6	0.005928
A0A1D8NDA6	0.005933
A0A1D8NLC1	0.005936
A0A1H6PHU5	0.005943
A0A1D8NIN1	0.005944
A0A1D8NGZ7	0.005947
Q6C673	0.005955
A0A1H6PXJ6	0.005956
A0A1D8NGC3	0.005961
A0A1D8NL88	0.005964
A0A1D8NF32	0.005964
A0A1D8NLN5	0.005972
A0A1H6PPI9	0.005972
A0A1D8N9Q3	0.005980
A0A1D8N5F8	0.005995
A0A1H6PTS4	0.006000
Q6CFK6	0.006007
A0A1D8NC12	0.006013
A0A1H6Q7G6	0.006018
A0A1D8NDK9	0.006020
A0A1H6Q8Y5	0.006024
A0A1D8N6E6	0.006029
A0A1D8N6E1	0.006029
A0A1D8NN69	0.006032
A0A1D8NB60	0.006032
A0A1D8NC03	0.006035
A0A1D8NQK1	0.006041
A0A1H6PV37	0.006042
Q6C4A3	0.006042
A0A1D8NFN8	0.006048
Q6CAP3	0.006049
A0A1D8N5T0	0.006051
A0A1D8N7Z7	0.006063
A0A1H6Q3B9	0.006066
A0A1D8NHN3	0.006071
A0A1D8NP13	0.006077
A0A1D8NHK9	0.006084
A0A1D8N4X2	0.006090
Q6CHT2	0.006090
A0A1D8N8K9	0.006092
Q6C4K3	0.006095
Q6CGD3	0.006100
Q6CFI3	0.006107
A0A371CFR7	0.006113
A0A371C183	0.006115
A0A1D8NGU9	0.006133
A0A1H6PXG0	0.006138
A0A1D8N8T6	0.006143
A0A371BYF5	0.006144
A0A1D8N9S7	0.006152
A0A1H6Q5F6	0.006156
Q6C830	0.006157
A0A1D8NP67	0.006157
A0A1D8NHT4	0.006162
Q6C2U0	0.006171
A0A1D8NGZ3	0.006176
A0A1D8N5L9	0.006179
A0A1D8NJW4	0.006183
A0A371C9R4	0.006186
Q6CAH5	0.006186
A0A1H6Q021	0.006189
A0A1D8NA09	0.006192
A0A1H6PQB9	0.006192
A0A1D8NEM8	0.006196
A0A1D8N4T3	0.006198
A0A1D8NBE7	0.006215
A0A1H6Q4X4	0.006218
Q6C8Q2	0.006218
A0A1D8NDY6	0.006222
A0A1H6Q705	0.006235
Q6C9Y6	0.006236
F2Z630	0.006237
Q6CCZ5	0.006238
A0A1D8NPL7	0.006240
A0A1D8NN39	0.006243
A0A1H6PKZ3	0.006244
A0A1H6PU53	0.006251
A0A371CAP3	0.006254
Q6CFU5	0.006258
Q6C7S3	0.006280
A0A1D8N719	0.006282
A0A1D8N3M8	0.006295
A0A1D8NQI3	0.006307
A0A1H6Q6B6	0.006310
A0A1D8N8R6	0.006318
A0A1D8NPK1	0.006318
A0A1D8NG08	0.006333
Q6CF18	0.006355
A0A1D8NGK0	0.006356
A0A1D8NMX7	0.006362
A0A1D8NPZ8	0.006368
A0A371C950	0.006371
A0A1H6PUW0	0.006388
Q6C1T4	0.006391
A0A1H6PNH8	0.006399
A0A1D8N687	0.006402
A0A1H6QCP7	0.006403
A0A1H6PJD5	0.006406
A0A1H6Q3R9	0.006409
A0A1D8NKR0	0.006416
Q6CF35	0.006417
A0A1D8NC75	0.006417
Q6C6M5	0.006440
Q6CDV6	0.006448
A0A1D8N912	0.006449
A0A1D8N7C9	0.006455
A0A1D8NH02	0.006460
P59680	0.006462
A0A1D8N927	0.006463
A0A1H6PVC0	0.006475
A0A1D8NBM0	0.006476
A0A1H6PZT8	0.006481
F2Z6A9	0.006482
A0A1D8NQM5	0.006490
A0A1H6PPX5	0.006490
A0A371CFZ7	0.006491
A0A1H6PMP9	0.006494
A0A1H6Q6V1	0.006500
A0A1D8NQ02	0.006509
A0A1D8NF38	0.006511
A0A1H6PHW4	0.006513
A0A1D8N9J4	0.006515
A0A1D8NEF4	0.006526
Q6BZU2	0.006529
Q6C9Q1	0.006531
A0A1H6PQ38	0.006531
A0A1D8N408	0.006537
A0A371CAV5	0.006549
Q6C022	0.006552
A0A1D8NER4	0.006555
Q6C074	0.006556
A0A1H6PLS7	0.006556
A0A371CAK2	0.006568
A0A1D8N6V6	0.006589
A0A1D8NED8	0.006597
A0A1D8NNY3	0.006603
A0A1D8N3R7	0.006609
A0A1H6Q1N2	0.006612
Q99150	0.006612
A0A1H6PXH1	0.006624
A0A1D8N841	0.006626
A0A1D8NAS8	0.006631
A0A1D8NDG7	0.006638
A0A1D8NEC3	0.006642
Q6C457	0.006653
A0A1H6PYH7	0.006656
A0A1D8NII8	0.006659
A0A1D8NFD5	0.006661
A0A1D8N8H8	0.006662
Q6CDS6	0.006666
A0A1D8NQK9	0.006670
A0A1H6Q0X5	0.006675
A0A1D8NM04	0.006698
A0A1H6PUZ4	0.006705
A0A371CDC4	0.006709
A0A1D8NFA5	0.006715
A0A1D8NN87	0.006729
A0A1H6Q074	0.006733
Q6C0U2	0.006750
Q6C1W9	0.006751
A0A1D8NHZ2	0.006755
A0A371C521	0.006759
A0A1D8NGE8	0.006761
A0A1H6PNE7	0.006766
A0A1D8N756	0.006769
A0A1D8NNE0	0.006773
A0A1H6Q2U0	0.006780
A0A1D8NBI3	0.006785
A0A1D8N433	0.006792
A0A1D8N587	0.006808
A0A1D8N4D7	0.006812
A0A1D8N4D8	0.006821
A0A1H6PM88	0.006821
A0A1D8N9R6	0.006823
A0A371CE43	0.006825
A0A1H6PMW7	0.006831
A0A1H6PI41	0.006836
A0A1D8NJF5	0.006841
A0A1D8NH52	0.006858
A0A1H6Q8A6	0.006863
A0A1H6PZA8	0.006870
A0A1D8NEH1	0.006915
A0A1D8N9T2	0.006916
A0A1D8NLZ9	0.006931
A0A1D8NA80	0.006933
A0A371BZT6	0.006945
A0A1H6PRV8	0.006952
A0A371C9W2	0.006965
A0A1H6Q5D7	0.006969
A0A1D8N834	0.006972
A0A1H6PXC1	0.006975
A0A1D8NCV1	0.006980
A0A1D8NI34	0.006987
A0A1H6Q062	0.006989
Q6CC06	0.006989
A0A1D8NK87	0.006992
A0A1D8NGR9	0.006993
A0A1D8NC81	0.006998
A0A371C1F1	0.006998
A0A1D8NJP0	0.006999
A0A1D8NHL6	0.007007
A0A1D8N6I8	0.007014
A0A1D8NIE0	0.007022
A0A1D8N8U2	0.007025
A0A1D8NIQ9	0.007031
A0A1D8N8C1	0.007044
Q6CBQ8	0.007050
A0A1D8NC91	0.007059
Q6CFT4	0.007063
A0A1D8N9A4	0.007079
A0A1H6PND8	0.007087
A0A1D8NEV3	0.007087
A0A1D8NM82	0.007087
A0A1H6PJF1	0.007090
A0A1H6PIZ8	0.007095
A0A1D8NFQ2	0.007099
A0A1D8NPE1	0.007100
O74936	0.007102
A0A1H6QAC0	0.007103
A0A1D8NA78	0.007105
A0A1H6PMB9	0.007143
A0A1H6Q6V6	0.007151
A0A1H6Q6R9	0.007154
A0A1H6PKH9	0.007159
A0A1D8NIE1	0.007166
Q6CFS5	0.007180
A0A1D8NPL4	0.007191
Q6C7G2	0.007200
A0A1D8N3W9	0.007206
A0A371CEM6	0.007206
A0A1H6PR43	0.007218
A0A1D8NJN9	0.007218
A0A1D8N9C2	0.007218
A0A1D8N5H4	0.007231
Q6CHA2	0.007248
A0A1D8NE75	0.007248
A0A1D8N671	0.007252
A0A371C7S6	0.007253
A0A1D8NHU0	0.007259
A0A1D8N6S6	0.007260
A0A1H6PWF1	0.007262
A0A1H6PN70	0.007265
A0A1D8NN10	0.007266
A0A1D8NH01	0.007266
A0A1D8N5Y1	0.007271
A0A371BYK3	0.007274
A0A1D8NJ51	0.007312
A0A1D8N6Z8	0.007317
A0A1H6Q3R1	0.007320
Q6C4M9	0.007324
Q6CEE1	0.007338
A0A1D8NEA5	0.007346
A0A1D8NDQ7	0.007348
A0A1D8NFW2	0.007356
A0A1H6PZG5	0.007359
A0A1H6QBD7	0.007361
A0A1D8NKY6	0.007366
A0A1D8NC95	0.007370
A0A1D8N4K2	0.007373
A0A1D8NJG0	0.007376
A0A1D8NJ71	0.007378
A0A1D8NEX5	0.007378
A0A1D8NEL0	0.007382
Q6C370	0.007384
Q6CAB8	0.007388
A0A1H6Q5U3	0.007401
A0A1H6PUP0	0.007402
A0A1D8N6C9	0.007408
A0A1D8N771	0.007409
A0A1D8NMS3	0.007414
A0A1H6Q0P8	0.007431
A0A1D8NAP9	0.007441
A0A1H6PMG4	0.007453
A0A1D8N853	0.007463
A0A1D8NGH6	0.007464
A0A1H6PTS0	0.007467
Q6CDX0	0.007472
A0A1D8N7I1	0.007477
A0A1D8NKP3	0.007482
A0A1D8NQH4	0.007490
F2Z6C7	0.007494
A0A1H6PP29	0.007498
A0A1D8NBU3	0.007506
A0A1D8NEG2	0.007529
A0A1D8NPN1	0.007537
A0A1H6PSX4	0.007578
A0A1D8N5Z5	0.007582
A0A1D8NN57	0.007593
A0A1H6PY46	0.007601
A0A1D8N5H2	0.007606
A0A1H6PID9	0.007606
Q4W4C0	0.007617
A0A1H6PJZ2	0.007628
A0A1D8NGQ3	0.007632
A0A1D8N5T6	0.007655
A0A1D8N8V7	0.007655
A0A1D8N8X4	0.007665
A0A1H6PYK1	0.007680
A0A1D8NJ54	0.007700
A0A1D8N4X8	0.007700
A0A1D8N9Z8	0.007705
A0A1H6PQQ4	0.007707
A0A1H6PI17	0.007714
A0A1D8NDU1	0.007718
A0A1D8NFX9	0.007730
A0A1D8NIM5	0.007732
A0A1H6Q7Z2	0.007737
A0A1H6Q7S7	0.007741
A0A1D8N8E1	0.007744
A0A1D8NPN6	0.007758
A0A1D8NM45	0.007760
A0A1D8NDJ6	0.007773
A0A1H6PYP9	0.007779
A0A371C003	0.007788
A0A1D8N7P0	0.007788
A0A1D8NL06	0.007789
A0A1D8NL52	0.007791
Q12725	0.007800
A0A1D8NNB9	0.007813
P36966	0.007813
Q6CFG6	0.007834
A0A1D8N8E9	0.007837
A0A1H6PNC3	0.007856
Q6CEA5	0.007861
A0A1D8N3S9	0.007865
A0A1H6Q2T9	0.007877
A0A1H6PRC8	0.007883
A0A1H6Q5E8	0.007891
A0A1D8N8K4	0.007897
A0A1D8NL41	0.007903
A0A1D8NFW4	0.007913
Q6CE38	0.007936
A0A1D8NIM9	0.007937
A0A1H6PYN3	0.007938
A0A1D8NFJ7	0.007944
A0A1D8NCP6	0.007949
A0A1D8NE68	0.007950
A0A1D8NFW5	0.007953
A0A1D8NFI8	0.007962
P41922	0.007967
Q6C6U9	0.007968
A0A1D8NJY9	0.007971
A0A1H6Q2C1	0.007985
A0A1D8NN05	0.007986
A0A1D8NNU6	0.007990
A0A1D8NEI2	0.007991
A0A1H6PHY7	0.008012
A0A1D8NQ71	0.008014
A0A1H6PJA8	0.008025
A0A1D8NJ68	0.008027
A0A1D8NM29	0.008047
A0A1H6Q2X0	0.008049
A0A1H6PVP1	0.008069
A0A1D8NLP7	0.008070
A0A1D8NDB9	0.008076
A0A1D8NP41	0.008087
Q6CEB8	0.008088
A0A1D8NMC9	0.008089
A0A1D8N7W1	0.008094
A0A1D8NHJ6	0.008101
A0A371BXG3	0.008106
A0A1D8N9J8	0.008117
A0A1D8N519	0.008119
A0A1H6PZD4	0.008122
A0A1H6PXS0	0.008124
A0A1D8NQJ8	0.008127
Q6C835	0.008127
A0A1D8NC87	0.008132
A0A1D8N8D0	0.008134
A0A1D8N5S0	0.008134
A0A1D8NJG8	0.008134
A0A1D8NP39	0.008137
A0A1H6QBS7	0.008145
A0A1D8NIE8	0.008148
Q6CEW7	0.008149
A0A1D8NBD9	0.008151
A0A1H6Q7K2	0.008158
A0A1D8N3K6	0.008173
A0A1H6Q2P2	0.008182
Q6CC84	0.008190
A0A1H6PX35	0.008190
A0A1D8NMQ7	0.008191
A0A1D8NGC6	0.008201
A0A1D8N7Z5	0.008207
A0A1D8NFW6	0.008215
A0A1D8NPP9	0.008216
A0A1H6PWI4	0.008221
A0A1D8NQR4	0.008222
A0A1D8NDA4	0.008226
A0A1D8NKQ7	0.008232
A0A1D8NLX4	0.008240
A0A1D8N8W4	0.008256
A0A1D8N5S7	0.008264
A0A1D8NCF6	0.008277
A0A1D8NIK7	0.008291
A0A1D8NEZ6	0.008296
A0A1D8N835	0.008296
A0A1H6PM79	0.008300
A0A1D8NPA0	0.008309
A0A1D8NAL6	0.008315
A0A1D8N8A6	0.008319
A0A1D8N7Y5	0.008338
A0A1D8N6N4	0.008341
A0A1D8NN20	0.008344
Q6C9T3	0.008363
A0A1H6PXM3	0.008369
Q6C0B6	0.008383
A0A1D8N9H8	0.008388
A0A1D8NJX9	0.008406
A0A371CBY0	0.008417
A0A1D8NHT4	0.008417
A0A1D8NAE8	0.008430
A0A1D8N6M6	0.008430
A0A1D8NDJ7	0.008434
A0A1D8NN28	0.008441
A0A1D8N9S8	0.008444
A0A1H6PW96	0.008449
A0A1D8N9K3	0.008451
A0A1D8NAD3	0.008453
Q6C331	0.008461
Q6CGD1	0.008477
A0A1D8NI06	0.008478
A0A1D8NE54	0.008483
A0A1D8N4N1	0.008498
A0A1D8NNY0	0.008503
A0A1D8N8I8	0.008504
A0A1D8N7L1	0.008525
Q6C443	0.008548
A0A1D8NDG4	0.008557
A0A1H6Q308	0.008559
A0A1D8NLL3	0.008560
A0A1D8NFG6	0.008568
Q6C097	0.008571
Q6CBB5	0.008595
A0A1D8NPA3	0.008611
A0A1D8NNJ3	0.008616
A0A1D8NEL4	0.008622
A0A1D8NHE0	0.008623
A0A1D8N7K2	0.008624
A0A1D8NCT0	0.008626
A0A1H6PVP0	0.008653
A0A1D8NQA4	0.008654
A0A1H6Q4X0	0.008666
F2Z620	0.008669
A0A1D8NHT8	0.008684
A0A1D8NEB5	0.008690
Q6C7X8	0.008706
A0A1D8NHC7	0.008710
A0A1D8NC21	0.008711
A0A1H6PR29	0.008712
A0A1H6PXM1	0.008714
Q6C8S0	0.008715
A0A1H6PWR3	0.008717
A0A1D8N5D9	0.008717
A0A1D8ND08	0.008742
A0A1D8N744	0.008749
Q3V7I4	0.008749
A0A1H6PLI9	0.008764
Q6CFT1	0.008783
A0A1D8N7W5	0.008785
A0A1H6QCR3	0.008798
A0A371C6P3	0.008801
A0A1H6PIV3	0.008801
Q6C804	0.008803
A0A1D8N7G5	0.008812
A0A1D8NIN0	0.008818
A0A1D8NM64	0.008828
A0A1D8NN71	0.008834
A0A1D8NJG9	0.008838
A0A1D8NHC2	0.008840
A0A1H6Q4Z5	0.008853
A0A1H6Q2F9	0.008867
A0A1D8N8Z7	0.008870
A0A1D8NM07	0.008879
A0A1D8NPV8	0.008883
A0A1D8NE34	0.008910
A0A1D8N8Q3	0.008913
A0A1H6PL17	0.008915
A0A371C9S5	0.008941
A0A1D8NAE3	0.008941
A0A1H6PLX7	0.008979
A0A1D8NIP1	0.008981
A0A1D8N829	0.008987
A0A1D8NKC0	0.008990
A0A1D8NN26	0.009018
A0A1D8NMF3	0.009019
C3W7W0	0.009024
A0A1D8NK52	0.009033
A0A1H6PL23	0.009033
Q6CF69	0.009049
A0A1H6PY68	0.009055
A0A1D8N5M4	0.009059
Q6C9W0	0.009068
A0A1H6Q9C0	0.009069
A0A1H6PXV3	0.009081
A0A371BXE0	0.009089
A0A1D8N9K0	0.009092
A0A1D8NH68	0.009099
Q6CG56	0.009107
A0A1D8NET3	0.009118
A0A371CDE5	0.009121
A0A1D8NE85	0.009126
A0A1D8NAR9	0.009130
A0A1D8NM15	0.009151
A0A1H6Q8U0	0.009151
Q6C2A3	0.009158
A0A1H6Q2S6	0.009160
Q6CA53	0.009163
A0A1D8N952	0.009164
Q6C9R9	0.009187
A0A1D8NGW7	0.009209
A0A1D8NJY3	0.009221
A0A1D8NE76	0.009223
Q6C2Q7	0.009229
A0A1D8NLZ5	0.009230
A0A1D8N8V7	0.009235
A0A1D8NNZ0	0.009235
A0A1D8NH88	0.009235
A0A1H6Q1P0	0.009247
A0A1H6PXJ3	0.009256
A0A1D8NQR9	0.009267
A0A1D8NH15	0.009308
A0A1D8NJJ9	0.009311
A0A1H6Q0Z3	0.009329
Q6CGG3	0.009330
A0A1D8NMZ4	0.009336
A0A1D8NQ58	0.009348
Q6C9G2	0.009350
Q6BZQ6	0.009357
Q6CF49	0.009364
A0A1D8N902	0.009364
A0A1D8NNU4	0.009365
A0A1H6PZ09	0.009370
A0A1H6Q060	0.009380
A0A1H6PLS7	0.009393
A0A1H6PU74	0.009414
A0A1D8NQF6	0.009420
A0A1H6PXB8	0.009424
A0A371CDP1	0.009446
A0A1H6PV79	0.009460
A0A1H6PZ52	0.009473
A0A1H6Q9C8	0.009474
A0A371C2D0	0.009482
A0A1D8NLT4	0.009492
A0A1D8NDW8	0.009502
A0A1D8N530	0.009525
Q6C7V4	0.009537
A0A1D8NEY0	0.009538
A0A1D8N8D5	0.009557
A0A1H6PNY1	0.009573
A0A1D8N9N2	0.009598
A0A1H6PVX0	0.009606
P41929	0.009607
A0A1D8NHG4	0.009608
A0A1D8N7E6	0.009611
A0A1H6PX68	0.009615
A0A1D8NH62	0.009615
A0A1H6PQA6	0.009635
A0A1D8NJS8	0.009650
Q6BZT5	0.009653
A0A1H6QAT1	0.009658
A0A371CB84	0.009669
A0A1D8NC05	0.009671
A0A1D8NCM9	0.009675
A0A1D8N675	0.009683
A0A1H6PLB0	0.009686
A0A1D8NM89	0.009689
A0A1H6Q7Y5	0.009690
A0A1D8NL32	0.009695
Q6C9I6	0.009702
A0A1D8ND94	0.009705
A0A1D8N6T9	0.009717
A0A1D8NDE0	0.009737
A0A1D8NJ81	0.009740
A0A1D8NNV6	0.009741
A0A1H6PHV9	0.009757
A0A1H6PWT4	0.009761
Q6CGN4	0.009761
A0A1H6PLE9	0.009765
A0A1D8N739	0.009768
A0A1D8NKV2	0.009773
A0A1D8N592	0.009789
A0A1H6PY26	0.009795
A0A1H6PK73	0.009798
A0A1D8NPM5	0.009810
A0A1D8N9D6	0.009823
A0A1H6PN94	0.009833
Q6C880	0.009834
A0A1H6Q007	0.009841
A0A1H6PYE9	0.009842
A0A1H6Q3J7	0.009846
A0A1D8N6L6	0.009851
A0A1D8N9P2	0.009868
A0A1D8N3A7	0.009875
A0A1H6PSK9	0.009890
A0A1D8NBQ5	0.009924
A0A1D8N9T1	0.009931
A0A1D8NHX2	0.009932
A0A1H6PNI2	0.009938
A0A1H6Q9K6	0.009965
A0A1H6PJJ0	0.009971
Q6CDL9	0.009972
Q6C044	0.009977
Q6C9P3	0.009986
A0A1H6PWX9	0.009989
A0A1D8N9J7	0.009999
A0A1D8NI23	0.010019
A0A1H6PUY5	0.010019
A0A1D8NHH1	0.010022
A0A1D8NFP7	0.010032
A0A1H6PJY1	0.010056
A0A1D8N8G2	0.010068
A0A1H6PSC1	0.010073
Q6C4X9	0.010094
A0A1D8NL34	0.010097
A0A1H6PIE1	0.010102
A0A1D8N3Y1	0.010108
A0A1H6PX99	0.010112
A0A1D8NDR0	0.010120
A0A1D8ND04	0.010121
Q6C7Q4	0.010141
A0A1D8NGC4	0.010144
Q6C3X7	0.010152
A0A1D8NCZ3	0.010157
A0A1D8N8G9	0.010161
A0A1H6PX64	0.010176
Q6C4H1	0.010187
A0A1D8NDJ8	0.010187
A0A1D8N457	0.010195
A0A1H6Q734	0.010205
A0A1H6Q081	0.010208
Q6C931	0.010208
A0A371C9U1	0.010209
A0A1H6PSH8	0.010218
A0A1D8NIR3	0.010228
A0A1H6PWS5	0.010228
A0A1D8N7F0	0.010258
A0A1D8NDU6	0.010262
Q6CDL0	0.010265
A0A1D8NQN7	0.010273
A0A1H6PZ51	0.010273
A0A1D8N662	0.010288
A0A1D8NI73	0.010306
A0A1D8N924	0.010313
A0A1D8NHN0	0.010323
A0A1D8NLS9	0.010327
A0A1D8NQD5	0.010329
A0A1D8NNC6	0.010332
A0A1D8N665	0.010350
A0A1D8NJ24	0.010350
A0A1D8NEI5	0.010357
A0A1H6Q4U4	0.010368
A0A1D8NHB1	0.010370
A0A1D8NAV1	0.010393
A0A1D8NFB1	0.010410
A0A1D8NFT5	0.010413
A0A1D8NAQ7	0.010435
A0A1D8NDR9	0.010435
A0A1D8NMW6	0.010437
A0A1D8NQR9	0.010446
A0A1H6PZL4	0.010457
A0A1D8NE31	0.010463
A0A1H6PJN3	0.010505
A0A371C816	0.010527
A0A371C6N0	0.010547
A0A1D8NGW3	0.010559
A0A1D8NC35	0.010584
Q6C749	0.010588
A0A1D8NIZ4	0.010599
A0A1D8NJZ7	0.010602
A0A1D8N5L3	0.010616
A0A1H6Q475	0.010621
A0A1H6PZS8	0.010633
A0A1D8N3P1	0.010647
A0A1D8NHP3	0.010648
A0A1D8N4C5	0.010650
A0A1D8NA98	0.010654
F2Z6H1	0.010660
A0A1H6Q0B3	0.010669
A0A1H6PNY8	0.010697
Q6CC99	0.010697
A0A1D8NFY5	0.010698
A0A1D8NED3	0.010699
A0A1D8NKN4	0.010700
A0A1D8NMH9	0.010707
A0A1D8NCM7	0.010711
A0A1H6PTA5	0.010713
A0A1D8NGV9	0.010715
A0A1D8NJ43	0.010718
A0A1D8NMG5	0.010735
A0A1H6PSM9	0.010740
Q6C9R4	0.010764
A0A1D8NF52	0.010766
A0A1D8NN84	0.010777
Q6CBE4	0.010785
A0A1D8NDR1	0.010791
Q6C061	0.010800
A0A1D8N9W2	0.010806
A0A1D8NL68	0.010830
P41943	0.010848
A0A1D8NE37	0.010854
Q6C7L4	0.010854
A0A1H6Q4T4	0.010860
Q6CF41	0.010866
A0A1D8NGE6	0.010910
A0A371CF51	0.010916
A0A1H6PS11	0.010920
Q6CFW6	0.010921
A0A1H6PQ30	0.010928
A0A1H6PZR1	0.010937
A0A1D8N5I3	0.010956
A0A1D8N4L2	0.010958
A0A1H6PM24	0.010960
A0A1H6PU98	0.010960
A0A1D8NJ01	0.010983
A0A1D8NNQ7	0.010995
A0A1D8NC00	0.011009
A0A1D8NMT9	0.011020
A0A1D8N9L7	0.011054
A0A1H6PUW3	0.011056
Q37695	0.011071
A0A1D8N7V0	0.011083
Q6C2X0	0.011118
A0A1D8NIA1	0.011134
A0A1H6Q936	0.011144
A0A1H6Q585	0.011146
A0A371C2Q2	0.011158
A0A1D8NQM0	0.011164
A0A1D8NPP6	0.011165
A0A1H6PZ85	0.011171
A0A1D8NDJ9	0.011181
A0A1D8N9B1	0.011189
A0A1D8NLF0	0.011194
A0A1D8NGJ4	0.011200
Q6CAE9	0.011228
A0A1D8NCH5	0.011234
A0A371CC57	0.011237
A0A1H6PZR1	0.011242
Q6C4D4	0.011244
Q6C8L8	0.011269
A0A1D8NEG6	0.011292
A0A1D8NQ98	0.011307
A0A1D8NEF0	0.011327
A0A1D8NQJ0	0.011340
A0A1D8N449	0.011341
A0A1D8NGT3	0.011342
A0A1H6Q8A2	0.011343
A0A1H6Q2N1	0.011354
A0A1D8NP98	0.011395
A0A1D8NJF0	0.011410
A0A1D8NDX4	0.011429
A0A1D8NPB9	0.011437
A0A1D8N415	0.011450
A0A371C4H7	0.011451
A0A1D8NKK6	0.011453
A0A1H6PY67	0.011459
A0A1D8N8N9	0.011480
A0A371C4P2	0.011492
A0A1D8N8S0	0.011496
A0A1D8NMD0	0.011497
F2Z658	0.011510
A0A1D8NG21	0.011513
Q6C161	0.011515
A0A1D8ND17	0.011529
F2Z6J4	0.011543
A0A1D8NPM3	0.011549
A0A1H6QBS2	0.011562
A0A1D8NCW9	0.011576
A0A1D8NDQ8	0.011583
Q6C4R3	0.011585
Q6C2D9	0.011590
A0A1H6Q6L3	0.011592
Q6C0I0	0.011605
A0A1D8NIA6	0.011639
A0A1D8NEB3	0.011647
A0A1D8NK56	0.011684
A0A1D8N456	0.011695
A0A1D8NDH8	0.011697
A0A1D8NIN7	0.011701
A0A1D8NAQ2	0.011708
A0A1D8N9E8	0.011710
A0A1D8NFV8	0.011717
A0A1H6Q1P9	0.011749
A0A1D8NLT0	0.011761
A0A1D8NPB4	0.011767
A0A1D8NEC4	0.011794
A0A1H6PZA0	0.011804
A0A1D8NMS7	0.011805
A0A371CBY1	0.011806
A0A1H6Q2D0	0.011815
A0A1D8N4J3	0.011845
A0A0A1GK62	0.011848
Q6C7U8	0.011856
A0A1D8N527	0.011862
O74932	0.011863
A0A1D8N9D1	0.011867
A0A1D8NQI1	0.011911
A0A1D8NJV9	0.011912
A0A1D8NLC3	0.011917
A0A1H6Q8B4	0.011921
Q6CG57	0.011922
A0A1D8NHF7	0.011938
A0A371BYW2	0.011964
A0A1D8ND50	0.011964
A0A1D8NG33	0.011969
A0A1H6PKB0	0.011971
Q99144	0.011978
A0A1D8N609	0.011978
Q6C6D1	0.011978
A0A1H6Q3B2	0.012028
A0A1D8NER0	0.012062
A0A1D8N4N2	0.012072
A0A1H6Q4Q1	0.012087
A0A1D8NQ17	0.012113
A0A1D8NPE3	0.012126
A0A1D8NAE2	0.012127
Q99161	0.012131
A0A1H6PMJ2	0.012141
A0A1D8N9Z9	0.012148
Q6C705	0.012177
A0A1H6PX23	0.012182
A0A1H6PS01	0.012202
A0A1D8NB02	0.012214
A0A1D8NLB8	0.012218
A0A1H6PNW2	0.012223
A0A1D8NHE9	0.012238
A0A1D8NCD3	0.012257
A0A1D8N3Q2	0.012260
A0A1D8NCU9	0.012267
A0A1D8N9F3	0.012276
A0A1D8N3V4	0.012279
A0A1D8NE86	0.012287
A0A1D8NJ97	0.012299
F2Z6C9	0.012305
A0A1D8NBA1	0.012342
A0A1D8NFH6	0.012343
A0A1D8NKA6	0.012370
A0A1D8N3L7	0.012394
A0A1D8NJN5	0.012410
A0A1H6Q1Y3	0.012436
A0A1D8NIV3	0.012481
A0A1D8NDN9	0.012481
A0A1D8NPL5	0.012502
A0A1D8N7T2	0.012506
A0A1D8N9F2	0.012514
Q6C7U8	0.012521
A0A1H6Q4V5	0.012541
Q6CB51	0.012542
A0A1D8NNI7	0.012595
A0A1H6PML7	0.012605
Q6C1B1	0.012609
A0A371CBS5	0.012659
Q6C2Y6	0.012662
A0A1D8NQ56	0.012665
A0A1H6PK44	0.012681
A0A1D8NID0	0.012686
A0A1D8NNY2	0.012700
A0A1D8NI11	0.012702
A0A1D8NI67	0.012757
A0A1H6Q8K9	0.012759
A0A1D8NBA0	0.012793
Q6CFH4	0.012850
A0A1D8N7T9	0.012870
A0A1D8N6N2	0.012938
A0A1D8N957	0.012956
A0A1D8N930	0.012968
A0A371BZ75	0.012987
A0A1D8NMC6	0.013001
A0A1H6PQT5	0.013010
A0A1D8NCH4	0.013018
A0A1H6PWF0	0.013022
Q6CA79	0.013031
A0A1D8NIV2	0.013032
A0A1D8NF30	0.013033
A0A1D8N9U4	0.013037
A0A1H6PT87	0.013094
A0A1D8N4I4	0.013127
Q6C1H8	0.013128
Q6CE12	0.013139
A0A1H6PZJ7	0.013154
A0A1H6PXS6	0.013164
A0A1D8NJC1	0.013182
A0A1D8NC27	0.013205
A0A1D8NEI1	0.013206
A0A371C8E1	0.013222
A0A0A1GQ03	0.013249
A0A1D8NDV2	0.013258
A0A1H6QCU5	0.013262
A0A1D8N3I9	0.013266
A0A1D8N6Z0	0.013307
A0A1D8NL83	0.013310
A0A1D8N6G8	0.013316
A0A1D8NDX3	0.013346
A0A1H6PUQ7	0.013364
A0A1D8NGM0	0.013388
Q6C3E5	0.013406
A0A1D8NFA0	0.013416
A0A1D8N857	0.013436
A0A1D8N854	0.013459
A0A1D8N6S3	0.013478
A0A1D8NDW0	0.013481
A0A1D8N757	0.013485
A0A1D8NCQ0	0.013496
A0A1H6PPL5	0.013502
A0A371CAX3	0.013515
A0A1D8NKV8	0.013527
A0A1D8N8X9	0.013533
Q6CDV7	0.013533
Q6C1L4	0.013586
A0A1D8NCM3	0.013600
A0A1D8NHW1	0.013618
A0A1D8NIT5	0.013637
A0A1D8N973	0.013639
A0A1H6Q9N3	0.013665
A0A1D8NKZ7	0.013706
A0A1H6PPA4	0.013742
A0A1D8NMH5	0.013765
A0A1D8NLP5	0.013765
A0A1D8NL58	0.013790
Q6C0X2	0.013792
A0A1D8N7H9	0.013794
A0A1D8NHH7	0.013795
A0A1H6Q3X2	0.013797
A0A1H6PPX4	0.013808
A0A1D8NFZ0	0.013810
Q6CCY2	0.013812
Q6CE60	0.013816
A0A1D8NJ18	0.013823
A0A1D8N5Y6	0.013828
A0A1D8N5D1	0.013831
A0A1D8NDJ5	0.013838
A0A1D8NBP9	0.013851
Q6CI08	0.013888
A0A1H6PI72	0.013903
A0A1D8NGW9	0.013908
A0A1H6Q0H4	0.013910
A0A1H6PXI5	0.013928
A0A1D8NP17	0.013970
A0A1H6PZV8	0.013987
A0A1D8N9J4	0.014011
A0A1D8NNQ3	0.014023
A0A1D8NGA4	0.014033
A0A1H6PZ08	0.014034
A0A1H6PKS2	0.014064
A0A1H6PS91	0.014074
A0A1D8NB73	0.014075
Q6CGB2	0.014087
A0A1H6PGX7	0.014089
A0A1H6PXT9	0.014097
A0A1D8NNT5	0.014131
A0A1D8NHE4	0.014153
A0A1D8NPJ7	0.014166
A0A1D8NL70	0.014171
A0A1D8N359	0.014197
A0A1D8NNQ7	0.014226
A0A1D8NH95	0.014270
A0A1D8N5A7	0.014273
A0A1H6PPZ6	0.014297
A0A1D8N858	0.014343
A0A371BY45	0.014369
A0A1D8NPP1	0.014389
A0A1D8N8J7	0.014393
A0A1D8N632	0.014410
A0A1D8N4D7	0.014411
A0A1D8NKZ5	0.014424
A0A1D8NJJ2	0.014460
A0A1D8N665	0.014467
Q6CBS3	0.014491
A0A1D8NI96	0.014501
Q6C0B5	0.014506
A0A1D8NMH0	0.014509
A0A1H6Q4J3	0.014517
A0A1H6PHU8	0.014530
Q6C8T3	0.014548
A0A1H6PWE2	0.014577
A0A1D8NGI2	0.014604
A0A1D8NM17	0.014606
F2Z673	0.014630
A0A371CAM1	0.014642
A0A1D8N3E2	0.014662
A0A1D8NII9	0.014669
A0A1H6PX01	0.014686
A0A1D8NBZ8	0.014734
A0A1D8NEL5	0.014762
A0A1D8NMN8	0.014772
A0A1H6Q4R1	0.014773
Q6C908	0.014798
A0A1H6QD47	0.014828
A0A1H6PST5	0.014859
A0A1D8NIW4	0.014924
A0A1D8N7H8	0.014936
A0A1D8NFM8	0.014950
A0A1D8N4A5	0.014967
Q9HFC7	0.014968
A0A1D8NDI8	0.014974
A0A1D8NL93	0.014976
A0A371C2V8	0.014987
Q9B6C7	0.015006
A0A1H6PW78	0.015026
A0A1H6PS43	0.015064
A0A1H6PU67	0.015066
Q6C5Y8	0.015076
A0A1D8NDP0	0.015082
A0A1D8NJR0	0.015086
Q6C6Y4	0.015088
A0A1D8NCU8	0.015088
A0A371C8C8	0.015105
A0A1H6PQE8	0.015108
A0A1D8NDJ4	0.015128
Q6C1N1	0.015129
Q6C537	0.015144
A0A1H6PVG9	0.015152
A0A1D8NMB7	0.015154
A0A1D8NI69	0.015173
A0A1D8NI63	0.015226
A0A1D8NBQ9	0.015245
A0A1D8NE39	0.015263
A0A1H6Q478	0.015273
A0A1D8N7X0	0.015279
A0A371C7K1	0.015299
A0A371C4X5	0.015316
A0A1D8N509	0.015380
Q6C0K9	0.015399
A0A1D8N780	0.015411
A0A1D8N9V7	0.015436
A0A1D8NNJ1	0.015447
A0A1H6Q3T4	0.015459
A0A1D8NNB6	0.015469
A0A1D8NPW8	0.015479
A0A1D8NK00	0.015481
A0A1D8NPV5	0.015498
A0A1H6PVF8	0.015536
A0A1D8NHQ6	0.015565
P80547	0.015610
A0A1D8NKY4	0.015627
Q6CA45	0.015642
A0A1D8NJT5	0.015688
A0A1D8NFV0	0.015731
A0A1D8N8K0	0.015746
A0A1D8NAH5	0.015764
A0A1D8NDD9	0.015770
Q9UUT7	0.015788
A0A1D8NIE5	0.015797
A0A371C1W9	0.015801
A0A1D8NCY4	0.015801
A0A1D8N618	0.015820
A0A1D8N7U1	0.015855
A0A1D8NMI9	0.015867
A0A1H6Q6N1	0.015885
A0A1D8NHS3	0.015907
A0A1D8N9S6	0.015936
A0A1D8ND64	0.015947
A0A1D8NG92	0.015986
A0A1D8NPS7	0.015995
A0A1D8NDZ3	0.016015
A0A1D8NHZ5	0.016032
A0A1D8NI95	0.016049
A0A1D8N8R3	0.016108
A0A1D8N6L8	0.016146
Q6CB69	0.016150
A0A1D8N6D1	0.016177
A0A1D8NHI6	0.016226
A0A1H6PLB6	0.016247
A0A371BZP0	0.016268
A0A1D8NEJ5	0.016270
A0A1D8NMB8	0.016274
Q6CG11	0.016281
A0A1D8NBZ1	0.016283
A0A1D8NJC3	0.016291
Q9B6D0	0.016305
A0A1H6PY27	0.016323
A0A1D8NKR4	0.016336
Q6CDR5	0.016338
A0A1D8NF97	0.016344
A0A1D8NEA0	0.016345
A0A1H6PVZ8	0.016382
A0A1D8NQM3	0.016423
A0A1H6PQ28	0.016477
A0A1D8NF17	0.016480
A0A1D8NEV5	0.016499
A0A1D8NEU0	0.016525
A0A1H6Q5L1	0.016544
A0A1D8NGJ8	0.016545
A0A1D8NQM3	0.016563
A0A1H6PR24	0.016600
A0A371CD89	0.016605
A0A1H6Q0Y3	0.016605
A0A371C1P6	0.016619
Q6C7G0	0.016676
A0A371CD57	0.016684
Q6C9N2	0.016855
A0A1D8NKX3	0.016858
A0A1D8NNU2	0.016873
A0A1D8NB93	0.016892
A0A1D8NE19	0.016928
A0A1H6Q3U7	0.016959
A0A1D8NPU7	0.016963
A0A1D8NNK2	0.016966
Q6C1V5	0.016970
A0A1D8NH14	0.017023
A0A1D8NJ32	0.017053
A0A371BYX8	0.017066
A0A1D8NNF4	0.017072
Q6CEV2	0.017115
B5FVG3	0.017159
Q6CDV8	0.017172
A0A1D8NIW7	0.017206
Q36258	0.017213
A0A1D8NFC6	0.017240
A0A1H6PQ90	0.017280
A0A1D8NA96	0.017282
A0A1H6PVG2	0.017375
A0A1D8NDH1	0.017387
A0A1H6Q2G9	0.017391
A0A1D8NAA1	0.017416
A0A1D8NEF2	0.017435
A0A371CFV9	0.017451
A0A1H6PZ15	0.017509
A0A1D8NEN7	0.017518
A0A1D8N977	0.017537
A0A1D8N934	0.017566
A0A1H6PW22	0.017572
A0A1D8N9B8	0.017572
Q6CBA2	0.017576
A0A1D8NHV1	0.017578
A0A1H6Q311	0.017654
A0A1D8NJ27	0.017688
A0A371BYQ0	0.017699
A0A1H6PTW8	0.017766
A0A1D8NHA3	0.017769
A0A1D8N823	0.017804
A0A1H6PUW2	0.017810
A0A1D8NQ93	0.017812
Q6C4I9	0.017832
A0A1D8N9G7	0.017835
A0A1H6PYC9	0.017853
A0A1D8NLQ3	0.017860
A0A1D8N8S7	0.017873
A0A1D8NMZ7	0.017874
A0A1D8NI42	0.017921
A0A1D8N5J3	0.017985
A0A1H6Q686	0.018007
A0A1D8NNM0	0.018019
A0A1H6Q6F8	0.018046
A0A1D8NHF9	0.018052
A0A1D8N881	0.018078
A0A1D8NEU4	0.018113
A0A1D8NJ65	0.018124
A0A1D8NGQ5	0.018132
A0A1D8N9T4	0.018147
Q6C619	0.018150
A0A1D8N9I5	0.018158
A0A1D8NLW7	0.018161
A0A1D8NK96	0.018201
Q6C2N2	0.018209
A0A1H6PI67	0.018251
A0A1H6Q4J0	0.018265
A0A1D8N7C3	0.018295
A0A1H6QCC6	0.018321
A0A1D8NKB4	0.018338
Q6C1X5	0.018347
A0A371CDY4	0.018364
A0A1H6PZG0	0.018366
F2Z660	0.018427
A0A1H6PS65	0.018492
A0A1D8N690	0.018525
A0A1H6PY08	0.018553
A0A1D8NI86	0.018561
A0A1D8N4Y2	0.018572
A0A1D8N7W0	0.018578
A0A1H6Q1S4	0.018593
F2Z6H7	0.018625
Q6BZW8	0.018641
A0A1H6PSU4	0.018646
A0A1H6Q1P7	0.018647
Q6CDK0	0.018651
A0A1D8N6L0	0.018690
A0A1H6PM57	0.018703
A0A371C0F2	0.018717
A0A1D8NKP3	0.018722
A0A1D8NKX5	0.018726
A0A1H6PYW4	0.018737
A0A1H6Q0G6	0.018738
Q6C6X6	0.018744
A0A371C1Q4	0.018822
A0A1D8NQJ6	0.018835
Q6C1A4	0.018919
A0A371C8T8	0.018961
A0A0A1GK62	0.018980
A0A1D8N7L3	0.019062
Q6C3M9	0.019081
A0A1D8NQ11	0.019121
Q6C0Q2	0.019167
A0A1D8NKJ2	0.019182
A0A1H6PPX0	0.019191
A0A1D8NMA7	0.019198
A0A1D8NCG1	0.019200
A0A1H6PYH0	0.019213
A0A1D8NP65	0.019232
A0A1D8N9H0	0.019234
A0A1H6PU75	0.019241
A0A1D8NER6	0.019315
A0A1D8N6A2	0.019370
A0A1D8NE69	0.019370
A0A1D8N8V9	0.019402
A0A371C2W0	0.019416
A0A1D8NGS5	0.019453
Q6C2S9	0.019500
A0A1D8N3M4	0.019546
Q6CB52	0.019562
A0A1D8N597	0.019601
A0A1D8N9S8	0.019614
A0A1H6PP55	0.019641
A0A1H6PH92	0.019663
A0A1H6QA61	0.019668
A0A1H6PPB8	0.019688
A0A1D8NCR3	0.019708
A0A1D8NNP3	0.019727
A0A1H6Q8W6	0.019733
A0A1H6PZ24	0.019742
A0A1H6Q3G6	0.019752
A0A1D8NAD6	0.019864
A0A1D8NC25	0.019877
A0A1D8N3Y7	0.019903
Q6C846	0.019933
A0A1H6QBN8	0.019946
A0A371CA57	0.019948
A0A1D8NGI5	0.019951
A0A1H6PUQ2	0.019972
A0A371CEU2	0.020057
A0A1D8NET1	0.020063
A0A1D8NEV2	0.020100
A0A1D8NH72	0.020149
A0A1D8NAW7	0.020173
A0A1H6PTA8	0.020190
Q6L8K7	0.020196
A0A371C5T1	0.020197
Q6C747	0.020252
A0A1D8NPD3	0.020275
A0A1D8N3D7	0.020291
A0A1H6Q8T6	0.020335
A0A1D8NJS9	0.020340
Q6C4D4	0.020352
A0A1D8N3C8	0.020368
A0A1D8NKV7	0.020369
A0A1D8NHU5	0.020400
A0A1H6PYT0	0.020420
A0A1D8NDS2	0.020427
Q99145	0.020431
Q6C2F3	0.020435
A0A1D8NI48	0.020492
A0A1H6Q0L4	0.020507
A0A1D8NH86	0.020509
A0A1H6PNA0	0.020511
A0A1D8NET2	0.020586
A0A1D8N5H6	0.020600
A0A1D8NK85	0.020669
A0A1D8NHF7	0.020763
A0A1D8NDJ4	0.020844
Q6C100	0.020847
A0A1D8N8F7	0.020905
A0A1D8NAK6	0.020924
A0A1D8NP42	0.020925
A0A371C5S3	0.020929
A0A1D8NKP0	0.020959
A0A1D8N8I3	0.020962
A0A1D8NA00	0.020969
Q6CHN0	0.021035
A0A1H6Q6E7	0.021050
A0A1D8NHA5	0.021062
Q6CBP4	0.021074
A0A1D8N680	0.021111
A0A1H6PYU1	0.021130
A0A371CDV9	0.021156
A0A1D8NPA2	0.021182
A0A1D8NPT2	0.021294
A0A1H6PUP3	0.021325
Q6C791	0.021418
A0A1D8NJ47	0.021433
A0A1H6PRJ1	0.021550
Q9B6D6	0.021603
A0A1D8NNT8	0.021608
A0A1D8NEY7	0.021611
A0A1D8NHD2	0.021785
A0A1H6QD61	0.021824
A0A1H6PWX8	0.021839
A0A1H6PT90	0.021878
A0A1D8NQP0	0.021949
A0A1H6PPE5	0.021952
A0A1D8NL39	0.021973
A0A1D8NA50	0.022020
A0A1D8N3H3	0.022031
A0A1D8N797	0.022076
A0A1D8NDG2	0.022093
A0A1H6PI84	0.022122
Q6BZP5	0.022128
A0A1D8NI87	0.022159
A0A1D8NEX3	0.022162
A0A1H6PTJ8	0.022175
A0A1H6PX50	0.022229
A0A1H6Q1E3	0.022238
A0A1D8NC36	0.022251
A0A1D8NH03	0.022271
A0A1H6Q1E4	0.022283
A0A1D8N925	0.022318
A0A1H6PPZ3	0.022380
A0A1H6PQC3	0.022569
A0A1H6PWW7	0.022576
F2Z672	0.022590
A0A371C049	0.022668
A0A1H6PV63	0.022674
A0A1D8NPI0	0.022707
A0A1D8NKC7	0.022710
A0A1D8NH94	0.022743
A0A1D8NCL9	0.022818
A0A1D8N7B3	0.022831
A0A1D8NLY6	0.022857
A0A1D8N7Q9	0.022940
A0A1H6Q2C0	0.022965
A0A1H6QC58	0.023009
A0A1D8NCG8	0.023015
A0A1D8NAL7	0.023046
Q6C347	0.023077
Q9UVF4	0.023112
A0A1H6PQ19	0.023122
A0A1D8NIK1	0.023173
Q0ZIE3	0.023223
A0A1D8NMU3	0.023245
A0A1D8NNS2	0.023262
A0A1D8NK55	0.023296
A0A1D8NIH9	0.023299
A0A1D8N3J4	0.023329
A0A1D8NNU8	0.023330
F2Z678	0.023403
A0A1D8NCM2	0.023454
Q6C3B0	0.023495
A0A1D8NMS6	0.023536
Q6C8M8	0.023539
A0A1D8N9P9	0.023573
A0A1D8N743	0.023580
A0A1H6QCP1	0.023634
A0A1H6PYN9	0.023666
A0A371BXV2	0.023761
A0A1H6Q4G9	0.023841
B5FVB8	0.023917
A0A1H6PUB3	0.023948
A0A0A1GNS4	0.023992
Q6C836	0.024010
A0A1D8NHX8	0.024104
A0A1D8NAQ6	0.024136
A0A1H6PRV7	0.024244
A0A1D8NHG0	0.024285
A0A1D8NPT8	0.024351
A0A1D8NJ16	0.024351
F2Z6D7	0.024511
A0A1D8NGI9	0.024527
Q6BZT7	0.024550
Q12724	0.024575
A0A1H6PW12	0.024580
A0A1D8NN66	0.024586
A0A1H6Q7J1	0.024586
Q6C1E0	0.024604
A0A1H6PLQ4	0.024611
A0A1D8NNH4	0.024676
A0A1D8NFZ0	0.024700
A0A1D8NFS1	0.024824
A0A1D8NJ89	0.024851
Q6CFS9	0.024891
A0A1H6PV03	0.024894
A0A1D8NL70	0.024949
A0A1D8NGE2	0.024958
A0A1H6Q529	0.024980
O43108	0.025032
A0A1D8N581	0.025082
A0A1D8N8Z4	0.025106
Q6CCT1	0.025134
Q6C7D2	0.025180
A0A1D8NDL1	0.025194
A0A1H6PIA5	0.025251
P41555	0.025256
A0A1H6PUQ8	0.025280
A0A1D8NAS5	0.025312
A0A1D8NQJ2	0.025337
A0A1D8NJT4	0.025352
A0A1D8N8S6	0.025371
A0A1D8NQK5	0.025398
A0A1D8N5N9	0.025470
A0A371C6E2	0.025494
P41925	0.025559
A0A1H6Q435	0.025634
A0A1H6Q485	0.025637
A0A1D8NMD2	0.025695
Q6C9V7	0.025968
Q6C2T4	0.026020
A0A1D8NBG4	0.026057
A0A1D8NKN1	0.026071
Q6C855	0.026262
A0A1D8NGD3	0.026264
Q6CCU3	0.026292
Q6C354	0.026317
Q6CB30	0.026353
Q6C7K5	0.026356
A0A1D8N8V3	0.026406
A0A371BYT3	0.026419
A0A1H6QA28	0.026473
A0A1D8NN27	0.026505
A0A1D8N5J3	0.026633
A0A1D8NMS4	0.026697
A0A371C6N7	0.026703
A0A1H6Q816	0.026718
A0A1D8NQL6	0.026751
A0A1D8NH63	0.026765
A0A1H6PSZ2	0.026797
A0A1H6Q182	0.026845
A0A1D8N7U3	0.026859
A0A371BYH4	0.026950
A0A1D8N6L3	0.027112
A0A1D8NLZ4	0.027122
Q6CFA0	0.027140
A0A1D8NPQ4	0.027164
A0A1D8NLY3	0.027177
A0A1H6PVN1	0.027199
A0A1D8N3T4	0.027239
Q6C5L5	0.027258
F2XG10	0.027266
Q6C627	0.027281
Q6CA86	0.027284
A0A1H6PUN5	0.027391
A0A371BXL3	0.027435
A0A1D8NED6	0.027447
A0A1D8NBU2	0.027475
A0A1D8NKP8	0.027492
A0A1D8N3H5	0.027550
A0A1D8N7T8	0.027707
A0A1H6PHQ8	0.027734
A0A1D8NFM0	0.027738
A0A1D8NLM1	0.027751
Q6CC82	0.027790
A0A1D8NLM4	0.027791
F2Z6C0	0.027803
A0A1D8NED9	0.027915
A0A1D8N8K8	0.027932
A0A1H6PJ68	0.027964
A0A1D8NQ28	0.027972
A0A1D8NEN9	0.028015
A0A1D8NAE9	0.028020
A0A1D8NBT9	0.028033
A0A1D8NBK6	0.028051
A0A1H6Q6E6	0.028052
A0A1D8NDU4	0.028058
A0A1H6Q9W6	0.028080
Q6C3X6	0.028105
A0A1D8N5R0	0.028120
A0A1H6Q173	0.028221
A0A1D8N7H5	0.028239
A0A1D8N3H1	0.028278
A0A1H6PWP5	0.028285
A0A1H6Q249	0.028558
A0A1D8NDG6	0.028693
A0A1H6PQQ3	0.028705
A0A1D8NE73	0.028766
Q6CF84	0.028796
A0A1D8NMS9	0.028921
A0A1D8N9U5	0.028926
A0A1D8NQN4	0.028934
A0A1D8NDA8	0.028955
A0A1D8NKT8	0.029095
A0A371C5Z4	0.029137
A0A1D8NMN3	0.029189
A0A1D8NGE4	0.029248
Q6C2V6	0.029299
A0A1H6PW69	0.029311
A0A1D8N9T9	0.029608
Q6CEK4	0.029611
A0A1H6PNI0	0.029615
A0A1D8NM88	0.029643
Q6CG53	0.029772
Q6C4W6	0.029793
A0A1D8NEN0	0.029835
A0A1D8NP97	0.029858
A0A1D8NGL9	0.029916
Q6C9H2	0.029940
A0A1D8NKE1	0.029961
A0A1D8NP22	0.030016
A0A1D8NG12	0.030073
A0A1H6PMK9	0.030258
A0A1D8NM98	0.030263
A0A1D8N766	0.030316
A0A1D8NLW4	0.030321
A0A1D8NMV2	0.030356
A0A1D8NLN6	0.030398
Q6CFD4	0.030448
A0A1D8NJ86	0.030448
A0A1H6Q7Z5	0.030485
A0A1H6PIB0	0.030635
A0A1H6PW74	0.030818
A0A1D8NLT7	0.030903
A0A1H6PU97	0.030933
A0A1H6Q0C6	0.030946
A0A1D8N7D7	0.031092
Q9B6E8	0.031210
Q6C0G5	0.031314
A0A1D8N4A0	0.031347
A0A1D8N679	0.031417
A0A1H6PXM6	0.031677
A0A1H6QAB3	0.031721
A0A1D8N3A4	0.031775
A0A1D8N358	0.031778
A0A1D8NL19	0.031905
A0A1D8NI43	0.032015
A0A371C287	0.032137
A0A1H6PPT3	0.032335
A0A1H6PVX0	0.032395
A0A1D8NGD5	0.032492
A0A1D8NHG0	0.032584
A0A371C8U9	0.032644
A0A1D8NMX5	0.032729
A0A1D8NLN4	0.032768
A0A1D8NI27	0.032772
A0A1D8N6D5	0.032790
A0A1D8N7F1	0.032823
Q6C060	0.032871
A0A1D8NHH4	0.032912
P78979	0.032942
A0A1D8NA35	0.033062
A0A1H6PVX8	0.033202
A0A1D8NJV2	0.033334
A0A1D8N498	0.033354
A0A1H6PNX2	0.033384
A0A1D8NBY1	0.033456
A0A1H6PM31	0.033479
A0A1D8NPB6	0.033520
A0A1D8N7S7	0.033549
A0A1H6PS17	0.033572
A0A1D8NF82	0.033590
Q12726	0.033600
A0A1D8N3L8	0.033619
Q6CGL4	0.033688
A0A1H6PMT1	0.033802
A0A1D8NBD2	0.033811
A0A1D8NFD0	0.033914
A0A1D8NI25	0.033939
A0A1H6Q8P3	0.034008
A0A1H6PPD6	0.034040
Q6CBN5	0.034081
A0A1D8N3A9	0.034114
A0A1D8NNH5	0.034180
A0A1D8NPL9	0.034231
A0A1D8N7D7	0.034289
A0A1D8NQD0	0.034323
A0A1D8NM80	0.034486
A0A371CAF6	0.034486
A0A1H6PX24	0.034968
A0A1D8N7Y4	0.034995
A0A1H6PU01	0.035021
A0A1H6Q8E2	0.035124
A0A1H6Q136	0.035144
A0A1H6PHM4	0.035227
Q6C7B8	0.035232
A0A1D8NL84	0.035248
A0A371CEM9	0.035303
Q6CGH7	0.035328
A0A1D8NNI3	0.035349
A0A1H6PQJ8	0.035431
A0A1H6PXW1	0.035568
A0A1D8NC46	0.035751
F2Z6I5	0.035927
A0A1D8NJ39	0.035952
A0A1D8N3W0	0.035965
A0A1H6Q0M8	0.036169
A0A1D8NBL2	0.036246
A0A1D8N826	0.036252
A0A1H6Q7I4	0.036313
A0A1D8NFQ8	0.036629
F2Z626	0.036953
A0A1D8NGF7	0.037007
A0A1D8NDC3	0.037157
A0A371BZT0	0.037299
A0A1D8NP00	0.037472
A0A1D8N664	0.037553
A0A1D8N5I7	0.037562
A0A1D8NMP3	0.037577
A0A1H6PWG3	0.037703
A0A1H6PK81	0.037740
A0A1D8NFP5	0.037767
A0A1D8NFY4	0.037787
A0A1H6PMM5	0.037880
A0A1D8NDW5	0.037902
Q6C5K4	0.038013
A0A1D8NE45	0.038032
Q6C7C0	0.038204
A0A371C9K6	0.038501
A0A1H6Q7H8	0.038552
A0A371CF54	0.038635
A0A1H6PY57	0.038673
A0A371C455	0.038675
P45816	0.038728
Q6C414	0.038753
Q6CCU8	0.038866
A0A1D8NC55	0.038868
A0A371CBK1	0.038902
A0A1H6Q7F6	0.039005
A0A1D8N3E9	0.039100
Q6C9G8	0.039212
A0A1D8N8H5	0.039393
A0A1H6Q1S9	0.039413
A0A1H6Q012	0.039491
A0A1D8NAD4	0.039516
A0A1D8NQB3	0.039632
A0A1H6Q3N4	0.039838
A0A371BX74	0.039894
A0A1D8NMN9	0.039940
A0A1H6PXN0	0.039944
A0A371C5D1	0.039991
A0A1D8NM55	0.040223
A0A1D8NK33	0.040415
A0A1H6Q3B3	0.040502
Q6C794	0.040590
A0A1H6Q7N7	0.040595
Q6CB54	0.040662
A0A1D8N637	0.041117
A0A1D8NHD3	0.041189
Q6C3K7	0.041201
Q92389	0.041227
A0A1D8NK38	0.041299
A0A1H6PZY4	0.041589
A0A1D8NM68	0.041594
A0A1D8NF40	0.041638
Q6CDH0	0.041848
A0A1D8NDK8	0.041878
A0A1H6PTQ1	0.041940
Q6C662	0.041996
A0A1D8NPT5	0.042029
A0A1D8NFG2	0.042150
A0A1H6PWX2	0.042199
A0A1D8NIX2	0.042303
A0A1D8NKT1	0.042399
A0A1D8NGY7	0.042555
A0A1D8N9Z6	0.042601
A0A1D8NEA1	0.042717
A0A1D8NHB8	0.042721
A0A1D8NNZ3	0.042797
A0A1D8NBF0	0.042852
A0A1D8N9G0	0.042914
A0A1H6PK19	0.043159
A0A371CAT8	0.043184
A0A1H6Q7U4	0.043195
A0A1H6PZ95	0.043935
A0A1D8NQK0	0.043945
A0A1D8NPT1	0.043947
A0A1D8N7X2	0.044075
A0A1H6Q0Q0	0.044120
A0A1D8NQ07	0.044169
Q6CE07	0.044229
A0A1D8N9X9	0.044395
A0A1D8NNK1	0.044427
A0A1D8NPT2	0.044448
A0A1D8NL07	0.044637
A0A1H6PZC5	0.044844
A0A1D8NL57	0.044974
A0A371C6K1	0.045046
F2Z6F1	0.045046
A0A1D8N898	0.045154
A0A1D8NP21	0.045174
A0A1D8NCF0	0.045280
A0A1D8NHR9	0.045286
A0A1D8NEC1	0.045343
A0A1D8N5Z3	0.045418
A0A1D8N5E8	0.045463
F2Z694	0.045545
A0A1D8N4R1	0.045554
A0A1H6PLX0	0.045630
A0A1D8N7M9	0.045709
A0A1H6Q477	0.046080
A0A1H6PT74	0.046190
A0A1H6PSZ5	0.046362
A0A1H6PIK2	0.046545
A0A1D8NQ06	0.046658
A0A1D8NC04	0.046672
A0A1D8NAN4	0.046745
A0A1D8NFB7	0.046776
A0A1D8N6E8	0.047260
Q6BZX5	0.047267
A0A1D8NGI9	0.047416
A0A1D8NM60	0.047419
Q6CG46	0.047735
A0A1D8NC54	0.047853
Q56TU1	0.048015
A0A1D8NJK3	0.048105
Q6C9Y4	0.048317
A0A1H6PTB6	0.048376
A0A1D8NPA5	0.048384
A0A1H6PPA5	0.048528
A0A1D8NL97	0.048612
A0A371C5J2	0.049012
A0A371CBM7	0.049090
A0A1H6Q6J0	0.049498
A0A1D8NJZ5	0.049847
A0A1D8N6F2	0.049851
A0A1D8NIT4	0.050008
Q6CH90	0.050220
A0A1D8NID5	0.050650
A0A1H6PZL7	0.050653
A0A1D8NDC6	0.050899
Q6CES3	0.050995
A0A1D8NIG9	0.051112
A0A371C3X3	0.051363
A0A371CE52	0.051795
A0A1D8N716	0.051804
Q6CFH9	0.052179
A0A371CER1	0.052264
A0A371C3V5	0.052350
A0A1H6PTE5	0.052386
A0A1D8NGN1	0.052405
A0A371C4P5	0.052462
A0A1D8NLI4	0.053186
A0A1D8NFS0	0.053574
Q6C3Z9	0.053827
A0A1D8NHR9	0.053867
A0A1D8N8M9	0.053902
A0A1D8NMS5	0.054096
A0A1D8NQ63	0.054516
A0A1D8NBK5	0.054681
A0A1D8NGJ7	0.054993
A0A1D8NBK6	0.055311
A0A1H6Q1M0	0.055418
A0A1D8NN70	0.055530
A0A1D8N8Q4	0.055530
A0A1H6PTR1	0.055670
A0A1D8NLR2	0.055713
A0A371CFI7	0.055842
A0A1H6PVZ1	0.055850
A0A1H6PX82	0.055985
A0A1D8N6K4	0.056398
A0A1H6PXK2	0.056474
A0A1D8NAE3	0.056888
P41924	0.057027
F2Z650	0.057138
A0A1H6Q3T0	0.057326
A0A1H6PSZ6	0.057350
Q6CDE6	0.057362
A0A1D8NNS0	0.057435
A0A1D8NG28	0.057528
A0A1D8NPC1	0.057848
A0A1D8NNL2	0.057875
A0A1D8NGK7	0.058071
A0A1H6PIN8	0.058494
B5FVB3	0.059427
Q6CHP1	0.059610
A0A1D8NQP2	0.059754
A0A1D8NDD8	0.059937
A0A1H6PHI5	0.060094
A0A1D8NLV2	0.060159
A0A1D8NIA7	0.061621
A0A1D8NAN8	0.061707
A0A1D8NGW2	0.061844
A0A1D8NJW7	0.061864
A0A1H6QBN1	0.062125
F2Z699	0.062681
A0A371C9J0	0.063063
A0A1D8N6M2	0.063290
A0A1D8NE91	0.063475
Q6CDH3	0.063560
A0A1D8NAG8	0.063625
A0A1D8NL62	0.064017
A0A1D8NDM3	0.064053
A0A1D8NFU1	0.064063
A0A1D8NJJ1	0.064165
A0A1H6PWJ8	0.064365
A0A1D8NCQ1	0.064816
A0A1D8NCM3	0.064830
A0A1H6Q518	0.064940
A0A1D8NL86	0.064996
A0A1H6Q489	0.065569
Q99148	0.065769
A0A1D8NJI2	0.066229
A0A1H6PIQ2	0.066450
Q6CEF3	0.067217
Q6C4U7	0.067421
A0A1H6PJM3	0.067822
A0A1H6PV56	0.067848
P41923	0.067889
A0A1D8NNV9	0.067925
A0A1D8N733	0.068136
A0A1D8N9P6	0.068670
A0A1D8NNP1	0.068971
A0A1D8N653	0.069245
A0A1D8N9Z5	0.069298
A0A1H6PLW3	0.069840
A0A1D8N5J9	0.070128
A0A1H6PQF2	0.070137
A0A1D8NJY1	0.070348
A0A1D8N7N3	0.070380
A0A1D8NL73	0.070441
A0A1D8NFL5	0.070571
A0A1H6PWJ2	0.070687
P34229	0.070993
A0A371CDF5	0.071378
A0A371C6H9	0.071529
A0A1D8NKV7	0.071601
A0A1H6PTV1	0.071641
Q6CAV7	0.071742
A0A1H6PJD2	0.072084
A0A1D8NG05	0.072147
A0A1H6PIZ9	0.072215
A0A1D8NNQ1	0.072287
A0A1D8NCC0	0.072479
A0A371CBJ2	0.072659
A0A1D8N6D5	0.072722
A0A1D8NK99	0.073818
A0A1D8NJU7	0.074460
Q6CAM0	0.074797
A0A1D8NET7	0.074999
A0A1D8NJ57	0.075059
A0A1D8NMF4	0.075113
A0A1D8NID2	0.075201
A0A1D8NIN2	0.075487
A0A1H6PUB5	0.075531
Q6C105	0.076353
A0A1D8NEG7	0.076972
A0A1D8N882	0.077123
A0A1D8N8Q0	0.077270
A0A1D8N7T5	0.077915
A0A1D8N660	0.077952
A0A1D8N6Z1	0.078081
A0A1D8NKG1	0.078393
A0A1D8NN08	0.078531
A0A1D8NNF1	0.078727
Q9B6E7	0.078729
P38997	0.079165
A0A1D8NMS2	0.079345
A0A1D8NNX0	0.079461
A0A1D8NEN4	0.079485
A0A1D8N620	0.080192
O59950	0.080405
A0A1H6QA51	0.080855
A0A1D8NIL8	0.080915
A0A1D8N4U7	0.080918
A0A1D8N6N0	0.081081
A0A1H6Q5Z1	0.082334
A0A1H6QCG3	0.084148
A0A1D8NFS0	0.084395
A0A1H6PTW0	0.085765
Q6C4U6	0.086291
Q6C341	0.086366
A0A371C916	0.086850
A0A1D8N736	0.087073
A0A1H6PXQ5	0.087411
A0A1D8N7W3	0.087539
A0A1H6Q943	0.088021
A0A1H6PTL3	0.088187
A0A1H6PXS3	0.088584
A0A1D8N578	0.089696
A0A1D8N7A3	0.089701
A0A1H6Q212	0.089783
Q6C0Z6	0.090653
A0A371CDW3	0.091091
A0A1D8NKW8	0.091379
A0A1D8NDR0	0.091777
A0A1D8NH61	0.091995
A0A1D8NL19	0.092027
Q6C7C1	0.092897
Q6CBS7	0.093493
A0A1D8NDF0	0.093675
A0A1D8NCL5	0.094576
A0A371BXG7	0.094863
A0A1H6PI38	0.095706
Q6C9B1	0.096879
A0A1H6PI28	0.096947
A0A1D8NDP7	0.097270
A0A1H6PUP2	0.097310
A0A1D8NJI1	0.097424
A0A1H6PI38	0.097650
A0A1D8NK95	0.098288
A0A1H6Q301	0.098659
A0A1D8NJY8	0.098678
A0A1D8NLP6	0.098778
A0A1D8NA12	0.099191
A0A371C3K4	0.099762
A0A1H6Q943	0.100104
A0A1D8NP43	0.100207
A0A371C0W9	0.100509
Q6C4G1	0.100795
A0A1D8N9S8	0.100846
A0A1D8N728	0.101106
Q6C793	0.103585
A0A1D8N7V7	0.103685
A0A1D8N3A9	0.104351
Q6CFD2	0.104909
A0A1H6PWI1	0.104997
A0A1D8N8B0	0.105178
A0A1H6PZ39	0.105723
A0A1D8NEH4	0.106252
A0A1D8NLW5	0.106940
A0A1H6Q759	0.106964
Q6CHU5	0.108017
A0A371CCC7	0.108100
A0A1D8NJA3	0.108684
A0A1D8NM54	0.109524
A0A1H6PI43	0.110651
A0A1D8NDR0	0.112041
A0A1H6PQ81	0.112646
A0A1H6Q770	0.112924
A0A1D8NND1	0.116785
Q6C338	0.117046
A0A1D8NDY4	0.117333
A0A371C3W6	0.117527
A0A371BXY0	0.118750
A0A1H6PLS1	0.119178
A0A1D8NE35	0.119350
A0A1D8NF31	0.119404
A0A1D8NM39	0.123281
A0A1D8N3H9	0.127769
A0A1H6PU71	0.128098
A0A1H6Q609	0.128371
A0A1D8NJR1	0.129291
A0A1D8NIG0	0.131229
A0A1D8N9M1	0.131848
A0A1D8NIR2	0.131980
A0A371CE07	0.133196
A0A1H6PSE4	0.133556
A0A1D8NQH2	0.135703
Q6CDV4	0.136026
A0A1H6PNL9	0.136864
A0A1D8NJL6	0.137616
A0A1H6PVM1	0.137716
Q99170	0.138558
A0A1D8NJC6	0.139917
Q6C482	0.141093
F2Z5Z3	0.141162
A0A1D8N7S8	0.141277
A0A371C0L3	0.141588
A0A1D8NPY0	0.141644
Q8TG23	0.142118
A0A1D8NGU6	0.142412
A0A371C5N2	0.142514
Q9B6D3	0.142721
A0A1D8NK78	0.143803
Q6C603	0.145476
A0A1D8NJ79	0.145989
Q6C169	0.146386
A0A1H6PHR8	0.146962
A0A1D8NIT0	0.146993
A0A1H6Q4I0	0.147723
A0A1D8NK74	0.149193
A0A1D8NFQ0	0.149782
Q6C4C9	0.150504
Q6C0Y0	0.153580
Q6C399	0.153672
A0A1H6PZN7	0.155109
Q9B6D5	0.156988
A0A1D8NK63	0.157089
A0A1H6Q2I3	0.157913
A0A371C1M7	0.159494
A0A1H6Q7V2	0.160004
A0A1H6Q0M6	0.160236
A0A1D8NNG2	0.160542
A0A1D8NL87	0.160563
A0A1H6PJD4	0.162086
A0A1H6PYQ2	0.162388
A0A371CG92	0.164286
A0A1D8N5K2	0.164802
P29407	0.165053
A0A371CB66	0.167100
A0A1D8N6J9	0.169046
A0A1D8NKM1	0.169978
A0A1H6Q9L4	0.170081
A0A1H6PJL0	0.170841
A0A1D8NE49	0.171302
A0A1D8NFQ0	0.171302
Q6C9E6	0.171905
A0A1D8NP99	0.173536
A0A1D8NAC0	0.174015
A0A1D8NM52	0.174620
A0A1D8N681	0.175736
A0A1D8NA42	0.176216
A0A1H6Q301	0.176551
Q6CC79	0.178347
A0A1D8N8F1	0.179241
A0A1D8NAB6	0.182020
A0A1D8NBK3	0.187234
A0A1D8NMI5	0.190368
A0A1D8NPU8	0.192442
A0A1D8NC20	0.192560
A0A1D8NEV0	0.193639
A0A1D8NG46	0.196020
A0A1D8N5L0	0.197704
A0A1H6PZC4	0.198690
Q6C2E3	0.200450
A0A1D8NMV4	0.205820
Q6C2T9	0.206834
A0A371C6S7	0.207858
A0A1H6Q5E4	0.208882
A0A1D8N837	0.209290
A0A1D8NJ54	0.209568
A0A371C8V9	0.211095
A0A1D8NLM2	0.211338
A0A1D8NCY1	0.213238
A0A1D8N7R3	0.220439
A0A1D8N4A7	0.222048
A0A371CF59	0.222151
A0A1D8NM53	0.230454
A0A1D8NLC7	0.235177
A0A1D8N7Z4	0.237598
A0A1H6Q5H9	0.237682
A0A1H6PL18	0.238679
Q8TFK3	0.242268
Q6CGM0	0.243229
A0A1D8NLA0	0.244733
A0A371CG25	0.250301
A0A1D8NA15	0.254058
A0A1D8N359	0.254322
A0A1D8NCB5	0.255625
F2Z5Z3	0.256205
F2Z6F8	0.257417
A0A1D8N8L1	0.268192
A0A1D8NDR0	0.278665
A0A1D8NNG3	0.279798
A0A1H6PRV7	0.280140
A0A1D8N9V5	0.280737
A0A371C926	0.281207
P30614	0.283276
Q6C2R9	0.285821
A0A1D8NIN3	0.290387
A0A1D8NDR0	0.291621
A0A1D8NFQ0	0.295608
A0A1H6PTJ1	0.298084
A0A1D8NN48	0.306726
A0A1D8N7Z3	0.308371
Q6C8K2	0.312173
A0A1H6Q381	0.323529
A0A1D8NDE1	0.332525
Q9UVF3	0.341155
Q5F1U5	0.344226
A0A1D8N8T8	0.346184
A0A1D8NIA9	0.357695
Q6C0C4	0.360443
Q6C1F3	0.369478
A0A1D8NH91	0.377090
A0A1D8NN49	0.407602
A0A1D8NHD8	0.445585
A0A1D8NFQ0	0.464262
A0A1H6PNI1	0.470657
A0A1D8NDR0	0.471435
Q6C326	0.489724
A0A1D8NE03	0.508228
Q6CFT7	0.518334
Q6CFV4	0.543119
A0A1D8NBR6	0.566292
A0A1D8NNW8	0.600757
A0A1D8NHI1	0.694108
A0A1H6PRJ8	0.699702
Q6CCU7	0.758963
A0A371C1R9	0.788878
Q6C4I7	0.793328
Q6C4I6	0.866424
O59949	1.415369
A0A1D8NQ53	1.448035
A0A1H6PIX6	1.528329
A0A371C6L4	1.615008
